{"micro": [0.4531743247983164, 0.4426517011574886, 0.4668537355313925, 0.4668537355313925], "macro": [0.46821117883743235, 0.46078505980947204, 0.4790183628364509, 0.4790183628364509], "weighted": [0.4543922484098109, 0.44231375676652546, 0.4744158448129187, 0.4744158448129187], "test_loss": [0.7717803561820664, 0.8077894823844206, 0.7285782073796129, 0.7282212030288228]}