{"micro": [0.701508242721852, 0.7218519817607857, 0.7137846369694842, 0.7137846369694842], "macro": [0.6947351292331874, 0.7136900252831152, 0.7079023066410403, 0.7079023066410403], "weighted": [0.6946822791009758, 0.7136211115123529, 0.7078408044534754, 0.7078408044534754], "val_loss": [0.5385649851081091, 0.49418476349856266, 0.49497524132775195, 0.49497524132775195], "train_disc": [0.7171429642085922, 0.6969657420446087, 0.6993441748219495], "train_gen": [0.580040820151068, 0.741930441483439, 0.7374318681615691], "train_class": [0.14866503619448432, 0.15350228412774022, 0.15140915766108634], "train_enc": [0.36435292819358783, 0.44771636215002175, 0.44442051316106784]}