{"micro": [0.7670992634163452, 0.7681515257804279, 0.7656962469309014, 0.7656962469309014], "macro": [0.7647084873853517, 0.7664115636998156, 0.764668824212683, 0.764668824212683], "weighted": [0.7646901074460154, 0.7663925804796381, 0.7646531735322166, 0.7646531735322166], "val_loss": [0.392251680443823, 0.3982933230552427, 0.4075488068954239, 0.4075488068954239], "train_disc": [0.7036418148925184, 0.6821893027374865, 0.6590765514853281], "train_gen": [0.6845498621130789, 0.7168260732842557, 0.734738431829314], "train_class": [0.1634373995345398, 0.16007211868906154, 0.15439368147590307], "train_enc": [0.26765989807730944, 0.27142291445305894, 0.27046263767354317]}