{"micro": [0.4531743247983164, 0.4619431778323395, 0.488249736934409, 0.488249736934409], "macro": [0.46821117883743235, 0.4742985883106781, 0.49408746210232474, 0.49408746210232474], "weighted": [0.4543922484098109, 0.46094361294872677, 0.4929093895160618, 0.4929093895160618], "test_loss": [0.7759478784806235, 0.7698323887320204, 0.7124353062840147, 0.7157646893788983]}