{"micro": [0.39775517362329005, 0.38653104173974046, 0.4121360925990881, 0.4121360925990881], "macro": [0.3800777319372415, 0.367192177475326, 0.3975865676856491, 0.3975865676856491], "weighted": [0.3387509008309848, 0.30970766434191516, 0.35743730596919526, 0.35743730596919526], "test_loss": [0.846458641510436, 0.9581457251610037, 0.8191134789802509, 0.8180902835044115]}