{"micro": [0.7670992634163452, 0.7670992634163452, 0.7670992634163452, 0.7670992634163452], "macro": [0.7647084873853517, 0.7656625794265648, 0.7663048223646594, 0.7663048223646594], "weighted": [0.7646901074460154, 0.7656458546784044, 0.7662867650990116, 0.7662867650990116], "val_loss": [0.392251680443823, 0.40583233077432856, 0.40467109597761536, 0.40467109597761536], "train_disc": [0.6770385890033658, 0.6900968078794426, 0.6820470773973945], "train_gen": [0.6275327398790328, 0.671288836934713, 0.6875207690553292], "train_class": [0.10321425502942927, 0.09506553842285492, 0.09698993830249629], "train_enc": [0.31294165526688433, 0.32555486653104176, 0.33320227764838234]}