{"micro": [0.7670992634163452, 0.7692037881445108, 0.7681515257804279, 0.7681515257804279], "macro": [0.7647084873853517, 0.7675406408849001, 0.7667565797707075, 0.7667565797707075], "weighted": [0.7646901074460154, 0.7675207095333904, 0.7667367449926437, 0.7667367449926437], "val_loss": [0.392251680443823, 0.39491257339965696, 0.40159958143141017, 0.40159958143141017], "train_disc": [0.7115994788414939, 0.7050106788480748, 0.6759226735077757], "train_gen": [0.6372120844918256, 0.6940421825014679, 0.7210931491585417], "train_class": [0.1799321690334954, 0.15226756827125337, 0.15358083472488313], "train_enc": [0.36284414366636863, 0.3689774239862431, 0.38058577053373754]}