{"micro": [0.8267274640477026, 0.8267274640477026, 0.8183093651350404, 0.8183093651350404], "macro": [0.8261760543412829, 0.8254692836051506, 0.8174640356108195, 0.8174640356108195], "weighted": [0.8261227767559728, 0.8254205980849607, 0.8174099230139724, 0.8174099230139724], "val_loss": [0.32073013236038594, 0.35500693352055324, 0.3565144754953386, 0.3565144754953386], "train_disc": [0.7059921199383017, 0.6941432579935596, 0.6456093901362498], "train_gen": [0.6671139065113814, 0.8292968805941789, 0.8281057610192113], "train_class": [0.2121341680514746, 0.19921330212714286, 0.19926164942330488], "train_enc": [0.4396240381555184, 0.514255090965239, 0.5136837055230273]}