{"micro": [0.47527183444405474, 0.48474219572079974, 0.5033321641529288, 0.5033321641529288], "macro": [0.4860679743271466, 0.4923733422646752, 0.5076530266419188, 0.5076530266419188], "weighted": [0.4725521464399597, 0.48462464341852995, 0.5087766788054241, 0.5087766788054241], "test_loss": [0.7719775792939703, 0.7591073631241335, 0.7116565694356097, 0.7069552082922206]}