{"micro": [0.7670992634163452, 0.7681515257804279, 0.7646439845668187, 0.7646439845668187], "macro": [0.7647084873853517, 0.7665045827080504, 0.7640471290720567, 0.7640471290720567], "weighted": [0.7646901074460154, 0.7664860334639676, 0.7640268002451932, 0.7640268002451932], "val_loss": [0.392251680443823, 0.3955422653270334, 0.3874393224965927, 0.3874393224965927], "train_disc": [0.6963942417219364, 0.6930350411537639, 0.6727566406047544], "train_gen": [0.6093473557653374, 0.6879176194441385, 0.7133669686717028], "train_class": [0.05253126495127571, 0.05312523909703979, 0.0527298060303044], "train_enc": [0.21957609881568887, 0.24356296175685008, 0.2509209627712239]}