{"micro": [0.39775517362329005, 0.43949491406524027, 0.4423009470361277, 0.4423009470361277], "macro": [0.3800777319372415, 0.430257611302189, 0.4312451905433819, 0.4312451905433819], "weighted": [0.3387509008309848, 0.3903297577185339, 0.39796231750528127, 0.39796231750528127], "test_loss": [0.8437187140547363, 0.7696147561073303, 0.7403867880725328, 0.7377609765396438]}