{"micro": [0.4531743247983164, 0.49982462293931956, 0.5338477727113293, 0.5338477727113293], "macro": [0.46821117883743235, 0.5021151613658003, 0.5231794903393895, 0.5231794903393895], "weighted": [0.4543922484098109, 0.500480437318544, 0.5391746985909284, 0.5391746985909284], "test_loss": [0.7702916649966266, 0.7147987559853985, 0.627803295767507, 0.629984885121191]}