{"micro": [0.8207646439845668, 0.8162048404068748, 0.8169063486495967, 0.8169063486495967], "macro": [0.8214055185004917, 0.8166921258097405, 0.8177636556920387, 0.8177636556920387], "weighted": [0.821354016835075, 0.8166399874081118, 0.8177090848680473, 0.8177090848680473], "val_loss": [0.313386614543032, 0.3411850758516698, 0.34782728652129025, 0.34782728652129025], "train_disc": [0.6699035840327513, 0.6789061610259157, 0.6706012101146762], "train_gen": [0.6035045818243613, 0.6701703021646211, 0.703856433570052], "train_class": [0.17841502813903312, 0.17858931064272726, 0.1710219237141769], "train_enc": [0.3484508571678034, 0.3752217177905184, 0.3841557364557042]}