{"micro": [0.6997544721150474, 0.7043142756927394, 0.7085233251490705, 0.7085233251490705], "macro": [0.6931758362766917, 0.696070200140586, 0.7017376039042519, 0.7017376039042519], "weighted": [0.6931183930719089, 0.6960027750093699, 0.7016728352771072, 0.7016728352771072], "val_loss": [0.5320886152083647, 0.5234906408706856, 0.5206866729900491, 0.5206866729900491], "train_disc": [0.6797651485357871, 0.6621375004006498, 0.6408949431094377], "train_gen": [0.7045970815520047, 0.7562612724703783, 0.7563043782830904], "train_class": [0.11391566829058711, 0.10653412757264502, 0.10911432645340871], "train_enc": [0.29112010087047874, 0.30145227900763466, 0.30327135116361376]}