{"micro": [0.47527183444405474, 0.47316730971588916, 0.5464749210803227, 0.5464749210803227], "macro": [0.4860679743271466, 0.4717105809763691, 0.5305721216527677, 0.5305721216527677], "weighted": [0.4725521464399597, 0.4516869657922428, 0.5492696795907901, 0.5492696795907901], "test_loss": [0.7742345870873115, 0.7881559223436111, 0.5994682048952114, 0.5990415596762183]}