{"micro": [0.47527183444405474, 0.4577341283760084, 0.5113995089442301, 0.5113995089442301], "macro": [0.4860679743271466, 0.4705702148017137, 0.511573427946753, 0.511573427946753], "weighted": [0.4725521464399597, 0.4452864628622338, 0.5141137487369641, 0.5141137487369641], "test_loss": [0.7755789059167467, 0.8311014541700565, 0.6862286041235791, 0.6901291099340556]}