{"micro": [0.39775517362329005, 0.4149421255699755, 0.43107681515257806, 0.43107681515257806], "macro": [0.3800777319372415, 0.4013081536565992, 0.418519061694796, 0.418519061694796], "weighted": [0.3387509008309848, 0.3590893263225118, 0.38522901104401985, 0.38522901104401985], "test_loss": [0.8434463128364286, 0.7843557937518179, 0.7405639916824895, 0.7432448898946773]}