{"micro": [0.701508242721852, 0.7123816204840406, 0.7141353910908452, 0.7141353910908452], "macro": [0.6947351292331874, 0.7055083901927214, 0.7098649732961014, 0.7098649732961014], "weighted": [0.6946822791009758, 0.7054477090208433, 0.7098081350799166, 0.7098081350799166], "val_loss": [0.5385649851081091, 0.5057545087961012, 0.4777105288923453, 0.4777105288923453], "train_disc": [0.7220564864201253, 0.7035296702518143, 0.6898997229570784], "train_gen": [0.5610552306947761, 0.7685636674891637, 0.7468580500373627], "train_class": [0.05528840977781811, 0.06340761095618402, 0.06279719018965293], "train_enc": [0.25759514400412914, 0.3454700417025795, 0.3364215409955499]}