{"micro": [0.3784636969484391, 0.3521571378463697, 0.4184496667835847, 0.4184496667835847], "macro": [0.3540092300951409, 0.31844962035798663, 0.4025715902693392, 0.4025715902693392], "weighted": [0.3147890031588733, 0.26340636497932096, 0.37391299284285945, 0.37391299284285945], "test_loss": [1.0328939875077936, 1.3179396480821364, 0.9188641141579804, 0.9230247294769607]}