{"micro": [0.4531743247983164, 0.4426517011574886, 0.4756225885654156, 0.4756225885654156], "macro": [0.46821117883743235, 0.4623656752630135, 0.4845831248350601, 0.4845831248350601], "weighted": [0.4543922484098109, 0.44678983351820195, 0.48259238464547966, 0.48259238464547966], "test_loss": [0.7725717833255257, 0.8096998660258075, 0.7264458490483587, 0.7246544289522331]}