{"micro": [0.7670992634163452, 0.7681515257804279, 0.7695545422658716, 0.7695545422658716], "macro": [0.7647084873853517, 0.7661612382885661, 0.7684487989410306, 0.7684487989410306], "weighted": [0.7646901074460154, 0.7661419290316719, 0.768430617672534, 0.768430617672534], "val_loss": [0.392251680443823, 0.40198649909326484, 0.4005167160453743, 0.4005167160453743], "train_disc": [0.6945871540953993, 0.6840165017703392, 0.670027255678976], "train_gen": [0.6903130948210562, 0.7155828802279254, 0.7258642292555484], "train_class": [0.16874472680371566, 0.15646638667117285, 0.15542605175902058], "train_enc": [0.3252152433442004, 0.3242013426965841, 0.32655751205689415]}