{"micro": [0.4914065240266573, 0.4966678358470712, 0.5156085584005612, 0.5156085584005612], "macro": [0.48967456389079267, 0.49687224394015334, 0.5133843290542935, 0.5133843290542935], "weighted": [0.4652464476200861, 0.4719792081007524, 0.4971494679661348, 0.4971494679661348], "test_loss": [0.6917732336334677, 0.6979437999885175, 0.6535469303583966, 0.65370675039025]}