{"micro": [0.7670992634163452, 0.7713083128726763, 0.7681515257804279, 0.7681515257804279], "macro": [0.7647084873853517, 0.7699492978664187, 0.7673575369680986, 0.7673575369680986], "weighted": [0.7646901074460154, 0.7699304402804648, 0.7673394074723594, 0.7673394074723594], "val_loss": [0.392251680443823, 0.399270258375636, 0.4023794288949927, 0.4023794288949927], "train_disc": [0.6697506578274945, 0.6684391395339753, 0.6618473110252252], "train_gen": [0.7070474294976815, 0.7292580171670328, 0.7401278864737996], "train_class": [0.14838201244616642, 0.14066320517771572, 0.14661479751740755], "train_enc": [0.26011510101776547, 0.258382172474648, 0.2653174203867353]}