{"micro": [0.7670992634163452, 0.7656962469309014, 0.7639424763240968, 0.7639424763240968], "macro": [0.7647084873853517, 0.764502236079617, 0.7631790459773837, 0.7631790459773837], "weighted": [0.7646901074460154, 0.7644841742086755, 0.7631640144081213, 0.7631640144081213], "val_loss": [0.392251680443823, 0.40862380477011867, 0.41618955380923256, 0.41618955380923256], "train_disc": [0.6918688296605755, 0.6996973942777964, 0.6814361304544204], "train_gen": [0.6358881998994497, 0.6890347749827295, 0.7223182850043867], "train_class": [0.18866978850028368, 0.1806737112932365, 0.16721131213467214], "train_enc": [0.4122789943351426, 0.4348542423887626, 0.4447647990794155]}