{"micro": [0.4914065240266573, 0.5022799017888461, 0.5250789196773062, 0.5250789196773062], "macro": [0.48967456389079267, 0.5018763466039413, 0.5250976632481842, 0.5250976632481842], "weighted": [0.4652464476200861, 0.48011427285493546, 0.5125725817955433, 0.5125725817955433], "test_loss": [0.6954634875558608, 0.6869166313602938, 0.6309005759614806, 0.6308889335760192]}