{"micro": [0.39775517362329005, 0.35847071203086633, 0.42686776569624685, 0.42686776569624685], "macro": [0.3800777319372415, 0.3299016180023045, 0.4144265962084543, 0.4144265962084543], "weighted": [0.3387509008309848, 0.2785207940181064, 0.3835256348524709, 0.3835256348524709], "test_loss": [0.8431573515164785, 1.0871274341418091, 0.7242614818351895, 0.7260881316062459]}