{"micro": [0.6997544721150474, 0.711680112241319, 0.7053665380568221, 0.7053665380568221], "macro": [0.6931758362766917, 0.7036512910488123, 0.7008243046827496, 0.7008243046827496], "weighted": [0.6931183930719089, 0.7035835391551122, 0.7007668590282063, 0.7007668590282063], "val_loss": [0.5320886152083647, 0.5076053538385716, 0.5243060595496407, 0.5243060595496407], "train_disc": [0.6681798889650313, 0.6796437135621822, 0.692508550995555], "train_gen": [0.6732948705470762, 0.685941747113979, 0.6799175123262672], "train_class": [0.08317329184094954, 0.09671407248096427, 0.09939466445451842], "train_enc": [0.3782340807621705, 0.3913279099171388, 0.38965608820568914]}