{"micro": [0.8267274640477026, 0.8267274640477026, 0.819712381620484, 0.819712381620484], "macro": [0.8261760543412829, 0.825598450608869, 0.8183334768540074, 0.8183334768540074], "weighted": [0.8261227767559728, 0.825546579265568, 0.8182787536084369, 0.8182787536084369], "val_loss": [0.32073013236038594, 0.3455297609260462, 0.36827733737413965, 0.36827733737413965], "train_disc": [0.7164915603632368, 0.6763113540644087, 0.6544938037515352], "train_gen": [0.6514819943705085, 0.7827893292437719, 0.788637631765291], "train_class": [0.22192692221792717, 0.21273915057575238, 0.21658451334890708], "train_enc": [0.39374896234640194, 0.44075923358927893, 0.44540577161245504]}