{"micro": [0.3784636969484391, 0.39074009119607156, 0.42546474921080324, 0.42546474921080324], "macro": [0.3540092300951409, 0.37101841411276565, 0.41435237095268657, 0.41435237095268657], "weighted": [0.3147890031588733, 0.32802705652829445, 0.38136317321181423, 0.38136317321181423], "test_loss": [1.0357655779609467, 1.0405657163212418, 0.8910556708634233, 0.8902835511295489]}