{"micro": [0.4914065240266573, 0.46124166958961765, 0.5289372150122764, 0.5289372150122764], "macro": [0.48967456389079267, 0.4566091092631141, 0.5240142149599741, 0.5240142149599741], "weighted": [0.4652464476200861, 0.4133810821485166, 0.517167831779439, 0.517167831779439], "test_loss": [0.6900239988079284, 0.8287359337899938, 0.6095217569580291, 0.6118624227007008]}