{"micro": [0.3784636969484391, 0.42230796211855487, 0.47211504735180637, 0.47211504735180637], "macro": [0.3540092300951409, 0.41392907336482926, 0.46381509481172295, 0.46381509481172295], "weighted": [0.3147890031588733, 0.3692461355245563, 0.4488729873328836, 0.4488729873328836], "test_loss": [1.028131602779447, 0.9180344046827135, 0.7664490849945133, 0.7662793462835876]}