{"micro": [0.8207646439845668, 0.8144510698000701, 0.8130480533146264, 0.8130480533146264], "macro": [0.8214055185004917, 0.8147722353695505, 0.8136677381871524, 0.8136677381871524], "weighted": [0.821354016835075, 0.8147197478193038, 0.8136138919621593, 0.8136138919621593], "val_loss": [0.313386614543032, 0.34550338123363117, 0.34521663405375774, 0.34521663405375774], "train_disc": [0.6663565299364441, 0.6590619346948975, 0.6499432701638291], "train_gen": [0.721045117804458, 0.7492981872745066, 0.7621833512236952], "train_class": [0.21476168508053492, 0.18227694021256943, 0.18689286896136886], "train_enc": [0.36664672071041343, 0.3523833222229388, 0.3594800205537061]}