{"micro": [0.47527183444405474, 0.49000350754121363, 0.5191160996141705, 0.5191160996141705], "macro": [0.4860679743271466, 0.49667739224839985, 0.517891807524053, 0.517891807524053], "weighted": [0.4725521464399597, 0.4906547700262233, 0.5256913052632299, 0.5256913052632299], "test_loss": [0.7745126475834979, 0.7289884483348058, 0.6614447232731228, 0.6590739546874382]}