{"micro": [0.8267274640477026, 0.8260259558049807, 0.8221676604700107, 0.8221676604700107], "macro": [0.8261760543412829, 0.8250995405350531, 0.8213254887054341, 0.8213254887054341], "weighted": [0.8261227767559728, 0.8250487222656236, 0.8212719209140514, 0.8212719209140514], "val_loss": [0.32073013236038594, 0.3460045609689531, 0.35057326207619016, 0.35057326207619016], "train_disc": [0.7141533623860535, 0.6680114302555276, 0.6293598273612934], "train_gen": [0.6862775703382226, 0.8365379268896647, 0.8571977578727893], "train_class": [0.21974410534987238, 0.21206712554203733, 0.1997413556169531], "train_enc": [0.3597041483364958, 0.3994083732533055, 0.396978283228155]}