{"micro": [0.47527183444405474, 0.46895826025955806, 0.49456331111890567, 0.49456331111890567], "macro": [0.4860679743271466, 0.47802080858310386, 0.5000229207493896, 0.5000229207493896], "weighted": [0.4725521464399597, 0.46112454788300267, 0.49725877391160817, 0.49725877391160817], "test_loss": [0.7772939338364415, 0.8157380911724528, 0.7346820919540341, 0.7350527244573198]}