{"micro": [0.8207646439845668, 0.8169063486495967, 0.8144510698000701, 0.8144510698000701], "macro": [0.8214055185004917, 0.8176880032131312, 0.8154075836773625, 0.8154075836773625], "weighted": [0.821354016835075, 0.8176351374641806, 0.8153532790262209, 0.8153532790262209], "val_loss": [0.313386614543032, 0.33488246154231305, 0.33956272893145617, 0.33956272893145617], "train_disc": [0.6827639451240028, 0.6692875124222739, 0.6539264631004973], "train_gen": [0.6926355838109661, 0.7288321133432442, 0.7435836352449555], "train_class": [0.18769782927282697, 0.18289192285201403, 0.17443272286203987], "train_enc": [0.3391791613741294, 0.3466739868485062, 0.34517800375069985]}