{"micro": [0.8207646439845668, 0.815503332164153, 0.815152578042792, 0.815152578042792], "macro": [0.8214055185004917, 0.8166637274194392, 0.8163849349152352, 0.8163849349152352], "weighted": [0.821354016835075, 0.8166090183262869, 0.8163287755363966, 0.8163287755363966], "val_loss": [0.313386614543032, 0.33284437877266515, 0.36069118413116846, 0.36069118413116846], "train_disc": [0.6779743369731157, 0.6895661177581915, 0.6905692169786165], "train_gen": [0.6842699297313584, 0.6921246001840303, 0.7139494385799217], "train_class": [0.05797538347021994, 0.07008766053327718, 0.07896776622364184], "train_enc": [0.3711226557553147, 0.38110612990469905, 0.3964586019848978]}