{"micro": [0.7670992634163452, 0.7653454928095406, 0.7646439845668187, 0.7646439845668187], "macro": [0.7647084873853517, 0.7636786683109533, 0.7637359342666263, 0.7637359342666263], "weighted": [0.7646901074460154, 0.7636611152441971, 0.7637189495151084, 0.7637189495151084], "val_loss": [0.392251680443823, 0.4017322202780227, 0.4048187799918252, 0.4048187799918252], "train_disc": [0.6758466725908844, 0.6897561560129987, 0.6820255637834858], "train_gen": [0.687335499505091, 0.6914408743048513, 0.7009822576405615], "train_class": [0.16368248413561443, 0.16336084148903798, 0.1648898668712078], "train_enc": [0.373143697750635, 0.37459286639477285, 0.3793268331935286]}