{"micro": [0.8207646439845668, 0.8211153981059277, 0.815152578042792, 0.815152578042792], "macro": [0.8214055185004917, 0.8222653308639418, 0.8163649439906097, 0.8163649439906097], "weighted": [0.821354016835075, 0.8222142120956, 0.8163107026922988, 0.8163107026922988], "val_loss": [0.313386614543032, 0.3177115539668971, 0.3281168371930656, 0.3281168371930656], "train_disc": [0.7158713520572172, 0.6925019931526823, 0.6630729490152284], "train_gen": [0.5936119553097133, 0.676482011819019, 0.706765748602052], "train_class": [0.06415847852285014, 0.055586434680612126, 0.0590439808643397], "train_enc": [0.22299452567233718, 0.24185511511464358, 0.253360518946328]}