{"micro": [0.3784636969484391, 0.4019642230796212, 0.41774815854086284, 0.41774815854086284], "macro": [0.3540092300951409, 0.38745511525820325, 0.4073270792081159, 0.4073270792081159], "weighted": [0.3147890031588733, 0.33723348482716897, 0.36511636452961665, 0.36511636452961665], "test_loss": [1.0361828925556311, 1.0404835458241362, 0.937927630360566, 0.926517005572772]}