{"micro": [0.4531743247983164, 0.46755524377411434, 0.5250789196773062, 0.5250789196773062], "macro": [0.46821117883743235, 0.48164528548095986, 0.5189431199232944, 0.5189431199232944], "weighted": [0.4543922484098109, 0.4757966911748603, 0.5320980927914414, 0.5320980927914414], "test_loss": [0.7730510724323422, 0.7480928355089113, 0.6570287864634444, 0.6561398269743893]}