{"micro": [0.39775517362329005, 0.45878639074009125, 0.48158540862855137, 0.48158540862855137], "macro": [0.3800777319372415, 0.4484909709437815, 0.46948936392350354, 0.46948936392350354], "weighted": [0.3387509008309848, 0.4197802181762597, 0.45700381658093114, 0.45700381658093114], "test_loss": [0.8450231007690536, 0.7088957683667124, 0.6989383160568482, 0.69511683243613]}