{"micro": [0.47527183444405474, 0.47281655559452823, 0.5222728867064188, 0.5222728867064188], "macro": [0.4860679743271466, 0.4814600934510436, 0.5200252582948965, 0.5200252582948965], "weighted": [0.4725521464399597, 0.46662569485314853, 0.5315754070132385, 0.5315754070132385], "test_loss": [0.7745910987840684, 0.7938834082480916, 0.6582814275219454, 0.6577087727338908]}