{"micro": [0.39775517362329005, 0.4303753069098562, 0.47001052262364085, 0.47001052262364085], "macro": [0.3800777319372415, 0.4196771692499512, 0.46018230975021696, 0.46018230975021696], "weighted": [0.3387509008309848, 0.37822032641568226, 0.438404038282343, 0.438404038282343], "test_loss": [0.8591429070054486, 0.7667932312248805, 0.6828355427893846, 0.6859841982745591]}