{"micro": [0.4531743247983164, 0.43107681515257806, 0.47316730971588916, 0.47316730971588916], "macro": [0.46821117883743235, 0.44927638584012053, 0.48308045317528636, 0.48308045317528636], "weighted": [0.4543922484098109, 0.4237375952069423, 0.473788381830539, 0.473788381830539], "test_loss": [0.7727014710450305, 0.8723140856740195, 0.7582721450475342, 0.7654675961206745]}