{"micro": [0.8267274640477026, 0.8249736934408979, 0.8186601192564013, 0.8186601192564013], "macro": [0.8261760543412829, 0.8238692324812069, 0.8178312332951508, 0.8178312332951508], "weighted": [0.8261227767559728, 0.8238173308876934, 0.8177750376367611, 0.8177750376367611], "val_loss": [0.32073013236038594, 0.35330876867435146, 0.36078426312731954, 0.36078426312731954], "train_disc": [0.6874772902973537, 0.651408638035119, 0.6503858083453258], "train_gen": [0.6413319999945231, 0.8131930688240009, 0.7937758022180482], "train_class": [0.2337172155023953, 0.21482469822025166, 0.22832107826984127], "train_enc": [0.4375246085601146, 0.5140088826584417, 0.5110484389952441]}