{"micro": [0.4914065240266573, 0.5131532795510347, 0.5436688881094353, 0.5436688881094353], "macro": [0.48967456389079267, 0.5094271874143139, 0.5380138031083604, 0.5380138031083604], "weighted": [0.4652464476200861, 0.49442957800532267, 0.5357900788930998, 0.5357900788930998], "test_loss": [0.6913688998648574, 0.6348242089152336, 0.5845812197837084, 0.5817529318552443]}