{"micro": [0.7670992634163452, 0.7663977551736232, 0.7685022799017889, 0.7685022799017889], "macro": [0.7647084873853517, 0.7652455064116369, 0.7671068479991622, 0.7671068479991622], "weighted": [0.7646901074460154, 0.7652302602784864, 0.7670898179241321, 0.7670898179241321], "val_loss": [0.392251680443823, 0.4033981683513139, 0.3996015206062594, 0.3996015206062594], "train_disc": [0.6892902687941184, 0.6841052351051202, 0.6684326073310894], "train_gen": [0.6733032814617264, 0.7060267409132845, 0.7197721530605294], "train_class": [0.10109284463957702, 0.09427341890609797, 0.09266403622342555], "train_enc": [0.21553493728184833, 0.21662408737829944, 0.21808566461062298]}