{"micro": [0.8267274640477026, 0.8232199228340933, 0.820063135741845, 0.820063135741845], "macro": [0.8261760543412829, 0.8219662493658703, 0.8187790273460895, 0.8187790273460895], "weighted": [0.8261227767559728, 0.8219158189910982, 0.8187257235424811, 0.8187257235424811], "val_loss": [0.32073013236038594, 0.3530583712981244, 0.35056091729465705, 0.35056091729465705], "train_disc": [0.6821556174555304, 0.6510463140530294, 0.638169440477254], "train_gen": [0.7348442057657508, 0.8231807497626576, 0.8196881629901225], "train_class": [0.19721979493868416, 0.19348419721982332, 0.17719818689137198], "train_enc": [0.35850712490481373, 0.3823931694197255, 0.36994518680945454]}