{"micro": [0.3784636969484391, 0.4103823219922834, 0.4524728165555945, 0.4524728165555945], "macro": [0.3540092300951409, 0.39665978672170626, 0.44276152846530686, 0.44276152846530686], "weighted": [0.3147890031588733, 0.35669136424530495, 0.42030739056585803, 0.42030739056585803], "test_loss": [1.0294089573721645, 0.9340296479243806, 0.8047806149421457, 0.8060140002040224]}