{"micro": [0.3784636969484391, 0.3844265170115749, 0.41283760084180987, 0.41283760084180987], "macro": [0.3540092300951409, 0.364641032641637, 0.3993061971204666, 0.3993061971204666], "weighted": [0.3147890031588733, 0.3161383380608681, 0.3629956134419445, 0.3629956134419445], "test_loss": [1.0330785962456432, 1.0481175773636588, 0.9409228120436216, 0.9345855071890954]}