{"micro": [0.6997544721150474, 0.7088740792704314, 0.7088740792704314, 0.7088740792704314], "macro": [0.6931758362766917, 0.7013199720245527, 0.7024664803139901, 0.7024664803139901], "weighted": [0.6931183930719089, 0.701253543335692, 0.7024045084958922, 0.7024045084958922], "val_loss": [0.5320886152083647, 0.5060531467657182, 0.5068005427468423, 0.5068005427468423], "train_disc": [0.6790714303874437, 0.6727897155218284, 0.6537661728912225], "train_gen": [0.7381986149862492, 0.7380304016880483, 0.7353259807858388], "train_class": [0.11674716792917451, 0.1177496477004203, 0.11787559023366294], "train_enc": [0.36532775516616567, 0.3658619581321098, 0.364855754142367]}