{"micro": [0.8207646439845668, 0.8186601192564013, 0.8148018239214311, 0.8148018239214311], "macro": [0.8214055185004917, 0.8192014948873249, 0.8152001610373248, 0.8152001610373248], "weighted": [0.821354016835075, 0.8191497048406005, 0.8151454842328799, 0.8151454842328799], "val_loss": [0.313386614543032, 0.33516999199406333, 0.3486473916716972, 0.3486473916716972], "train_disc": [0.6934912894025195, 0.686474069869718, 0.6633203539102437], "train_gen": [0.6993295290616638, 0.745486695007239, 0.7607150980214167], "train_class": [0.18753963132394091, 0.1779113392548521, 0.18060900647630238], "train_enc": [0.44343458190976576, 0.4616990179322951, 0.470662052737934]}