{"micro": [0.39775517362329005, 0.4180989126622238, 0.4650999649245879, 0.4650999649245879], "macro": [0.3800777319372415, 0.40352110959513493, 0.4556886869647638, 0.4556886869647638], "weighted": [0.3387509008309848, 0.35709019975228345, 0.4304851491918675, 0.4304851491918675], "test_loss": [0.8410668323159883, 0.7952181976600732, 0.6786434400681011, 0.680144591204947]}