{"micro": [0.3784636969484391, 0.38512802525429674, 0.5720799719396703, 0.5720799719396703], "macro": [0.3540092300951409, 0.35469532349941507, 0.5437171944621898, 0.5437171944621898], "weighted": [0.3147890031588733, 0.3314162454628755, 0.5678235637947728, 0.5678235637947728], "test_loss": [1.0328759797458542, 1.1110304304341365, 0.5976229429078501, 0.6069368167296468]}