{"micro": [0.4914065240266573, 0.5082427218519817, 0.5191160996141705, 0.5191160996141705], "macro": [0.48967456389079267, 0.5072211274032644, 0.5177987761351647, 0.5177987761351647], "weighted": [0.4652464476200861, 0.4868831194198771, 0.503832229074568, 0.503832229074568], "test_loss": [0.690330057170804, 0.6617618985682227, 0.6339215714505265, 0.6328314657650846]}