{"micro": [0.39775517362329005, 0.42195720799719394, 0.5313924938618029, 0.5313924938618029], "macro": [0.3800777319372415, 0.40970868985260495, 0.5088717215326498, 0.5088717215326498], "weighted": [0.3387509008309848, 0.3702470390968783, 0.5181456440263501, 0.5181456440263501], "test_loss": [0.8480583823925956, 0.810724507663503, 0.6089047141914261, 0.614650144257359]}