{"micro": [0.8267274640477026, 0.8214661522272888, 0.8176078568923185, 0.8176078568923185], "macro": [0.8261760543412829, 0.8200479045147593, 0.81670706923851, 0.81670706923851], "weighted": [0.8261227767559728, 0.8199956593923059, 0.8166526718732989, 0.8166526718732989], "val_loss": [0.32073013236038594, 0.35534183593569635, 0.35865459299526653, 0.35865459299526653], "train_disc": [0.6808828708179836, 0.6705699869374323, 0.6648463783317438], "train_gen": [0.666379253291551, 0.7914904865472676, 0.7760419113010002], "train_class": [0.12494934717578261, 0.13237228341317375, 0.1284976981934056], "train_enc": [0.34152131798214086, 0.39601957281874545, 0.3875153920503968]}