{"micro": [0.39775517362329005, 0.4629954401964223, 0.5850578744300245, 0.5850578744300245], "macro": [0.3800777319372415, 0.4647882387304056, 0.5638445186858341, 0.5638445186858341], "weighted": [0.3387509008309848, 0.4221002894813653, 0.5794695691306255, 0.5794695691306255], "test_loss": [0.8403450360511269, 0.7400104638251512, 0.5262486457658213, 0.5263354770797591]}