{"micro": [0.4531743247983164, 0.45878639074009125, 0.4756225885654156, 0.4756225885654156], "macro": [0.46821117883743235, 0.47612121835197413, 0.4858403861749316, 0.4858403861749316], "weighted": [0.4543922484098109, 0.46723138149160265, 0.4847734652377047, 0.4847734652377047], "test_loss": [0.7741073644694003, 0.7628395893720276, 0.7148604957418069, 0.7214892856235611]}