{"micro": [0.4914065240266573, 0.5113995089442301, 0.5401613468958261, 0.5401613468958261], "macro": [0.48967456389079267, 0.5107208224440531, 0.5365187705472163, 0.5365187705472163], "weighted": [0.4652464476200861, 0.4934902674389949, 0.531176627610105, 0.531176627610105], "test_loss": [0.6919839197363933, 0.6462917447339889, 0.5974698737679913, 0.5962202753767621]}