{"micro": [0.47527183444405474, 0.5008768853034024, 0.5296387232549983, 0.5296387232549983], "macro": [0.4860679743271466, 0.5058052672268731, 0.5243946191889616, 0.5243946191889616], "weighted": [0.4725521464399597, 0.5043041902030899, 0.5350625558172076, 0.5350625558172076], "test_loss": [0.7731903633258862, 0.6950112189993513, 0.6361353618805635, 0.6360890495710533]}