{"micro": [0.39775517362329005, 0.3781129428270782, 0.4535250789196773, 0.4535250789196773], "macro": [0.3800777319372415, 0.35830480910413526, 0.4418482850566103, 0.4418482850566103], "weighted": [0.3387509008309848, 0.29694599671975525, 0.4204508011784084, 0.4204508011784084], "test_loss": [0.8451065281249958, 1.0254369686102733, 0.7258727718664947, 0.7261156065170992]}