{"micro": [0.4914065240266573, 0.4966678358470712, 0.5440196422307962, 0.5440196422307962], "macro": [0.48967456389079267, 0.5020770083679663, 0.5388349994371775, 0.5388349994371775], "weighted": [0.4652464476200861, 0.4796352884943498, 0.5373390052993803, 0.5373390052993803], "test_loss": [0.695183482749502, 0.6876911322830775, 0.602849610108237, 0.6024298138458636]}