{"micro": [0.4914065240266573, 0.49842160645387584, 0.516660820764644, 0.516660820764644], "macro": [0.48967456389079267, 0.49866655260620457, 0.516404419697129, 0.516404419697129], "weighted": [0.4652464476200861, 0.47613904831846215, 0.5022084488054106, 0.5022084488054106], "test_loss": [0.6902160388131381, 0.684854687259184, 0.6435923807780836, 0.6468324241691461]}