{"micro": [0.8267274640477026, 0.8253244475622589, 0.8225184145913714, 0.8225184145913714], "macro": [0.8261760543412829, 0.8243709433400864, 0.8218899945695286, 0.8218899945695286], "weighted": [0.8261227767559728, 0.8243185721039583, 0.8218358167067055, 0.8218358167067055], "val_loss": [0.32073013236038594, 0.3450073726919438, 0.34769839393209107, 0.34769839393209107], "train_disc": [0.7443691908314242, 0.6862117201922326, 0.6282428929259657], "train_gen": [0.5321451988300132, 0.7855503166188075, 0.831011171780485], "train_class": [0.20755221216039285, 0.19034455435652306, 0.18489188961060354], "train_enc": [0.3373894142038995, 0.4284268715861123, 0.4433396123974017]}