{"micro": [0.701508242721852, 0.7162399158190108, 0.7134338828481235, 0.7134338828481235], "macro": [0.6947351292331874, 0.708219333238144, 0.7075258330574651, 0.7075258330574651], "weighted": [0.6946822791009758, 0.7081533310338184, 0.7074677172368051, 0.7074677172368051], "val_loss": [0.5385649851081091, 0.49422489626947064, 0.5097356859240785, 0.5097356859240785], "train_disc": [0.6893365246623588, 0.6969516237354811, 0.689078580733784], "train_gen": [0.7034496641691836, 0.7441541729026666, 0.7441334894249559], "train_class": [0.13796474310106405, 0.14188344539377276, 0.14101923242544329], "train_enc": [0.3641587211100083, 0.3827917447636247, 0.38226494675908007]}