{"micro": [0.4531743247983164, 0.38933707471062784, 0.5075412136092599, 0.5075412136092599], "macro": [0.46821117883743235, 0.4133888222837898, 0.5069856876071251, 0.5069856876071251], "weighted": [0.4543922484098109, 0.38475559437517004, 0.5167336761356177, 0.5167336761356177], "test_loss": [0.7763795751100145, 0.9059526051222945, 0.6516666766984502, 0.6539044418481476]}