{"micro": [0.6997544721150474, 0.7057172921781831, 0.7099263416345142, 0.7099263416345142], "macro": [0.6931758362766917, 0.6984077662852443, 0.7036032403772156, 0.7036032403772156], "weighted": [0.6931183930719089, 0.6983428492554499, 0.7035417570085728, 0.7035417570085728], "val_loss": [0.5320886152083647, 0.5341957287248953, 0.5115546999946653, 0.5115546999946653], "train_disc": [0.6882060959352462, 0.6564690577251285, 0.6752663704270091], "train_gen": [0.6467365146349262, 0.7435203740716646, 0.7177835896028487], "train_class": [0.13320556197669253, 0.13273611086207396, 0.13088576466511082], "train_enc": [0.33861795084436513, 0.3770498243790099, 0.36564490398881155]}