{"micro": [0.701508242721852, 0.7232549982462295, 0.71974745703262, 0.71974745703262], "macro": [0.6947351292331874, 0.7163048638001622, 0.7135340196505081, 0.7135340196505081], "weighted": [0.6946822791009758, 0.716240506653048, 0.7134717363667977, 0.7134717363667977], "val_loss": [0.5385649851081091, 0.49509519155465026, 0.5006862948102325, 0.5006862948102325], "train_disc": [0.6873746461042479, 0.6787925805459475, 0.6687099810419136], "train_gen": [0.6124500545709493, 0.7506120511273432, 0.7634201139711135], "train_class": [0.14490858425890935, 0.14489062492574392, 0.1430659220663196], "train_enc": [0.2851710304534635, 0.326607060332538, 0.32917218601237463]}