{"micro": [0.8207646439845668, 0.815503332164153, 0.8144510698000701, 0.8144510698000701], "macro": [0.8214055185004917, 0.8163182355643922, 0.8152314210334967, 0.8152314210334967], "weighted": [0.821354016835075, 0.8162648243941476, 0.8151757460986458, 0.8151757460986458], "val_loss": [0.313386614543032, 0.3431939923893218, 0.35221627029179275, 0.35221627029179275], "train_disc": [0.6611294157012215, 0.6723071346735822, 0.6691260111398537], "train_gen": [0.6804472774100703, 0.7148623749530515, 0.7290209032303794], "train_class": [0.2188272994823296, 0.20843368113124172, 0.20957269686060911], "train_enc": [0.4496372884878233, 0.4616480294885582, 0.4692967998581892]}