{"micro": [0.4531743247983164, 0.49175727814801823, 0.5208698702209751, 0.5208698702209751], "macro": [0.46821117883743235, 0.49619611716401496, 0.5162385853392174, 0.5162385853392174], "weighted": [0.4543922484098109, 0.4936868255151448, 0.5280729358461886, 0.5280729358461886], "test_loss": [0.7736047031826148, 0.7199260897143593, 0.6580858846616479, 0.6579641523307929]}