{"micro": [0.47527183444405474, 0.4556296036478429, 0.48263767099263416, 0.48263767099263416], "macro": [0.4860679743271466, 0.4709043438501121, 0.4933654411672896, 0.4933654411672896], "weighted": [0.4725521464399597, 0.4488047865354103, 0.4845365528568121, 0.4845365528568121], "test_loss": [0.770647185391554, 0.8467600393894664, 0.7602880891807918, 0.7606432464535676]}