{"micro": [0.39775517362329005, 0.3981059277446509, 0.4180989126622238, 0.4180989126622238], "macro": [0.3800777319372415, 0.3822081313793544, 0.404632562040782, 0.404632562040782], "weighted": [0.3387509008309848, 0.3285090330174658, 0.3621111544144486, 0.3621111544144486], "test_loss": [0.843396631033061, 0.8664891182876832, 0.7860946715211069, 0.7856375428551402]}