{"micro": [0.4531743247983164, 0.42336022448263766, 0.48368993335671695, 0.48368993335671695], "macro": [0.46821117883743235, 0.4451478047761686, 0.49061268569595295, 0.49061268569595295], "weighted": [0.4543922484098109, 0.42380780014899055, 0.4921781318777128, 0.4921781318777128], "test_loss": [0.7733620646612605, 0.8243586972106103, 0.6887268720392409, 0.6862298067055601]}