{"micro": [0.47527183444405474, 0.507190459487899, 0.5717292178183093, 0.5717292178183093], "macro": [0.4860679743271466, 0.49928817402840164, 0.5441578794198918, 0.5441578794198918], "weighted": [0.4725521464399597, 0.49636179641296035, 0.5703429991569493, 0.5703429991569493], "test_loss": [0.7721370651735274, 0.6882190997374125, 0.5722258704501157, 0.57466093404999]}