{"micro": [0.701508242721852, 0.706068046299544, 0.7172921781830937, 0.7172921781830937], "macro": [0.6947351292331874, 0.6981798165958701, 0.7096531197303254, 0.7096531197303254], "weighted": [0.6946822791009758, 0.6981202618622354, 0.7095892529261159, 0.7095892529261159], "val_loss": [0.5385649851081091, 0.5410982818764182, 0.5019935037129085, 0.5019935037129085], "train_disc": [0.7023378727156356, 0.6730003137162278, 0.6514891063034868], "train_gen": [0.6920541874523269, 0.7912885137110449, 0.7922528702453528], "train_class": [0.1550648145835493, 0.1519418634765641, 0.14313989767398913], "train_enc": [0.31616163395303587, 0.3437458668840664, 0.3378737982591437]}