{"micro": [0.39775517362329005, 0.360224482637671, 0.42686776569624685, 0.42686776569624685], "macro": [0.3800777319372415, 0.3341682549308383, 0.4135249728108182, 0.4135249728108182], "weighted": [0.3387509008309848, 0.2689913973776184, 0.382384665039665, 0.382384665039665], "test_loss": [0.8426572538953919, 1.1722816322102894, 0.7789221367689484, 0.7760187300057385]}