{"micro": [0.7670992634163452, 0.767450017537706, 0.7611364433532093, 0.7611364433532093], "macro": [0.7647084873853517, 0.7658432901122794, 0.7598638724681059, 0.7598638724681059], "weighted": [0.7646901074460154, 0.7658248932700793, 0.7598494637794037, 0.7598494637794037], "val_loss": [0.392251680443823, 0.39052335935639604, 0.4031116234440377, 0.4031116234440377], "train_disc": [0.7006565765295615, 0.6885911376116662, 0.6695179060184756], "train_gen": [0.6468052464490496, 0.6889393389557993, 0.7120055346515591], "train_class": [0.05195706546327422, 0.05235067276835608, 0.05034288224847415], "train_enc": [0.17092670600174525, 0.17966840919835608, 0.1826754160766495]}