{"micro": [0.701508242721852, 0.7134338828481235, 0.710978603998597, 0.710978603998597], "macro": [0.6947351292331874, 0.7061503035625808, 0.704232064430891, 0.704232064430891], "weighted": [0.6946822791009758, 0.7060870805289051, 0.7041726357297996, 0.7041726357297996], "val_loss": [0.5385649851081091, 0.5032228658693796, 0.5075805469847924, 0.5075805469847924], "train_disc": [0.7217528663534026, 0.6931115918319318, 0.6769507230993089], "train_gen": [0.5508951406572118, 0.7478667124689624, 0.766593313749942], "train_class": [0.09923653690633494, 0.0936164883220329, 0.0966862365083155], "train_enc": [0.23473412272983424, 0.28989156423001317, 0.2976583675299277]}