{"micro": [0.8267274640477026, 0.8267274640477026, 0.8225184145913714, 0.8225184145913714], "macro": [0.8261760543412829, 0.825700805531795, 0.8213823644710784, 0.8213823644710784], "weighted": [0.8261227767559728, 0.825650583877926, 0.8213280742980416, 0.8213280742980416], "val_loss": [0.32073013236038594, 0.33758052319220616, 0.3599152276068067, 0.3599152276068067], "train_disc": [0.7403456442182956, 0.6850563850482749, 0.6357306921282294], "train_gen": [0.5716284972995354, 0.8248020840090746, 0.8406542542926426], "train_class": [0.23110734142737682, 0.21963219735875475, 0.20813951971186273], "train_enc": [0.4013679187391057, 0.5222171410169015, 0.5243968860397126]}