{"micro": [0.8267274640477026, 0.8253244475622589, 0.8228691687127324, 0.8228691687127324], "macro": [0.8261760543412829, 0.8239456663409247, 0.8215613960966346, 0.8215613960966346], "weighted": [0.8261227767559728, 0.8238976661883896, 0.8215099691611459, 0.8215099691611459], "val_loss": [0.32073013236038594, 0.35961716498935065, 0.35522834286509947, 0.35522834286509947], "train_disc": [0.7374396903554821, 0.682043682596537, 0.6240686437937134], "train_gen": [0.6169397874251424, 0.8226725289275526, 0.8702096805892177], "train_class": [0.23608000185236586, 0.2108551864434221, 0.20565160438834623], "train_enc": [0.3503379408873659, 0.39440039566109303, 0.40501903555246704]}