{"micro": [0.47527183444405474, 0.4829884251139951, 0.492809540512101, 0.492809540512101], "macro": [0.4860679743271466, 0.4928351188952463, 0.49801074922216876, 0.49801074922216876], "weighted": [0.4725521464399597, 0.48603375532358245, 0.49576818268946277, 0.49576818268946277], "test_loss": [0.7763312154309043, 0.7603204676558851, 0.7297181470434093, 0.727714104192883]}