{"micro": [0.7670992634163452, 0.767450017537706, 0.763240968081375, 0.763240968081375], "macro": [0.7647084873853517, 0.7657362539117639, 0.7638028437094829, 0.7638028437094829], "weighted": [0.7646901074460154, 0.7657168490830647, 0.7637870443810962, 0.7637870443810962], "val_loss": [0.392251680443823, 0.42684839879209435, 0.40146530702626904, 0.40146530702626904], "train_disc": [0.698925349632455, 0.7079315924777665, 0.6947929735956245], "train_gen": [0.5757329683730056, 0.7187093216613685, 0.7216973884145641], "train_class": [0.06580851097492366, 0.0738979627185777, 0.06212313043983789], "train_enc": [0.3207707395100727, 0.39630364222899495, 0.3919102591176273]}