{"micro": [0.4914065240266573, 0.49736934408979305, 0.5222728867064188, 0.5222728867064188], "macro": [0.48967456389079267, 0.4966364024150291, 0.5222822860372563, 0.5222822860372563], "weighted": [0.4652464476200861, 0.4734035559135418, 0.5091864349393034, 0.5091864349393034], "test_loss": [0.6904728569131989, 0.6927325164472591, 0.6354399466647782, 0.6327215020217043]}