{"micro": [0.8207646439845668, 0.8190108733777622, 0.8176078568923185, 0.8176078568923185], "macro": [0.8214055185004917, 0.8204343307993995, 0.8187265300710437, 0.8187265300710437], "weighted": [0.821354016835075, 0.8203840168520508, 0.8186731086917882, 0.8186731086917882], "val_loss": [0.313386614543032, 0.31222647220786015, 0.3241003117720498, 0.3241003117720498], "train_disc": [0.7255334521139134, 0.6889912619271092, 0.654402908333187], "train_gen": [0.6854841722456436, 0.7380100225603115, 0.7577282859626429], "train_class": [0.05976949732063869, 0.054678669821096364, 0.0519093614320047], "train_enc": [0.1849124355855601, 0.19134494487466758, 0.19307315041566028]}