{"micro": [0.6997544721150474, 0.701508242721852, 0.706068046299544, 0.706068046299544], "macro": [0.6931758362766917, 0.6928609016587348, 0.6995355751441691, 0.6995355751441691], "weighted": [0.6931183930719089, 0.6927936936770328, 0.6994732007975523, 0.6994732007975523], "val_loss": [0.5320886152083647, 0.5213334865701598, 0.4828627700579233, 0.4828627700579233], "train_disc": [0.6748016266849454, 0.6760165664736785, 0.7040061880756356], "train_gen": [0.603518667001298, 0.7253401978721832, 0.6476337386909143], "train_class": [0.05081836447411076, 0.05425548275110608, 0.04963893624407619], "train_enc": [0.2718984900073632, 0.3226893758141129, 0.28883686478577514]}