{"micro": [0.8207646439845668, 0.8179586110136794, 0.8165555945282356, 0.8165555945282356], "macro": [0.8214055185004917, 0.8185427223982024, 0.817550503656706, 0.817550503656706], "weighted": [0.821354016835075, 0.8184904702171468, 0.817497608043245, 0.817497608043245], "val_loss": [0.313386614543032, 0.3411737156393886, 0.3393843269616875, 0.3393843269616875], "train_disc": [0.7188728781385795, 0.6888798558512214, 0.6503162344074782], "train_gen": [0.6541389666456084, 0.7314419519967873, 0.7668973736922834], "train_class": [0.20117968795352809, 0.1941904463498286, 0.20003026274329458], "train_enc": [0.2917715499187981, 0.3016407534729835, 0.3134036901609858]}