{"micro": [0.8207646439845668, 0.8172571027709575, 0.8133988074359875, 0.8133988074359875], "macro": [0.8214055185004917, 0.8174150313530494, 0.8141729218914469, 0.8141729218914469], "weighted": [0.821354016835075, 0.8173642344328358, 0.8141175902839751, 0.8141175902839751], "val_loss": [0.313386614543032, 0.33751826514405403, 0.34488889428737507, 0.34488889428737507], "train_disc": [0.6994717174402162, 0.6879167480175722, 0.6679787585855196], "train_gen": [0.6371408271389967, 0.6976286988684585, 0.7178933170920644], "train_class": [0.11845165756453016, 0.11310251588886344, 0.10906242531354866], "train_enc": [0.3259273329593616, 0.3469130002253548, 0.35259479101143737]}