{"micro": [0.6997544721150474, 0.6972991932655209, 0.7050157839354613, 0.7050157839354613], "macro": [0.6931758362766917, 0.6889762619355965, 0.6972377200843326, 0.6972377200843326], "weighted": [0.6931183930719089, 0.6889066507692638, 0.6971701118580856, 0.6971701118580856], "val_loss": [0.5320886152083647, 0.5278241908250574, 0.5046927542451707, 0.5046927542451707], "train_disc": [0.6951417869695738, 0.6731201739950553, 0.6359142028419665], "train_gen": [0.6475229876001454, 0.736569932053209, 0.7634339352559777], "train_class": [0.04613921522584291, 0.0470375760702947, 0.042073352969974775], "train_enc": [0.16641597212526385, 0.18494405177052461, 0.18634547284861516]}