{"micro": [0.6997544721150474, 0.7102770957558752, 0.7067695545422659, 0.7067695545422659], "macro": [0.6931758362766917, 0.702607314427398, 0.700196113948308, 0.700196113948308], "weighted": [0.6931183930719089, 0.7025389926556881, 0.7001302393912845, 0.7001302393912845], "val_loss": [0.5320886152083647, 0.4915376083831714, 0.4901704897053082, 0.4901704897053082], "train_disc": [0.7181892931128347, 0.6821397429737965, 0.6708680794225724], "train_gen": [0.6350440116567985, 0.7190938635245382, 0.6967053077074402], "train_class": [0.046035399462757164, 0.050788897105268925, 0.04721264955301525], "train_enc": [0.22273798994511865, 0.2512803950955748, 0.24206045436459547]}