{"micro": [0.6997544721150474, 0.7085233251490705, 0.7004559803577692, 0.7004559803577692], "macro": [0.6931758362766917, 0.701090067467772, 0.693031610333871, 0.693031610333871], "weighted": [0.6931183930719089, 0.7010233254177073, 0.6929697504731055, 0.6929697504731055], "val_loss": [0.5320886152083647, 0.5153800525895044, 0.5209235356673182, 0.5209235356673182], "train_disc": [0.6960913885239116, 0.6586356153035297, 0.7314274747278438], "train_gen": [0.5969762026264681, 0.6859841736335328, 0.6476287092576479], "train_class": [0.11022227459363432, 0.12805876734161842, 0.14654072521868364], "train_enc": [0.3535992386620804, 0.4070214710755055, 0.39708471781048693]}