{"micro": [0.47527183444405474, 0.46124166958961765, 0.4745703262013329, 0.4745703262013329], "macro": [0.4860679743271466, 0.4757851447506621, 0.48497727797921125, 0.48497727797921125], "weighted": [0.4725521464399597, 0.46016028434417633, 0.47439130130745044, 0.47439130130745044], "test_loss": [0.7756498093045624, 0.8084123587475143, 0.7728197892617913, 0.7719135560802908]}