{"micro": [0.8207646439845668, 0.8179586110136794, 0.8144510698000701, 0.8144510698000701], "macro": [0.8214055185004917, 0.8184210991115197, 0.8148645343964148, 0.8148645343964148], "weighted": [0.821354016835075, 0.8183700923948957, 0.8148114460469066, 0.8148114460469066], "val_loss": [0.313386614543032, 0.33955334533492426, 0.34778563863748696, 0.34778563863748696], "train_disc": [0.7065148203732581, 0.6781191316396831, 0.6539668267665628], "train_gen": [0.6812124542017889, 0.7328338789540296, 0.7486867977920191], "train_class": [0.19989127653271127, 0.200991005163286, 0.19053626276927288], "train_enc": [0.3924197572902594, 0.4137281672248627, 0.4137964873007556]}