{"micro": [0.4531743247983164, 0.4829884251139951, 0.5605050859347598, 0.5605050859347598], "macro": [0.46821117883743235, 0.49084733304146616, 0.5291732712482745, 0.5291732712482745], "weighted": [0.4543922484098109, 0.495143064286809, 0.5635683088984513, 0.5635683088984513], "test_loss": [0.7739646166729528, 0.6980411536866726, 0.5841931932132337, 0.5828801197879141]}