{"micro": [0.4914065240266573, 0.5061381971238162, 0.5331462644686075, 0.5331462644686075], "macro": [0.48967456389079267, 0.5062872724685831, 0.5286370310951196, 0.5286370310951196], "weighted": [0.4652464476200861, 0.48602124477827197, 0.5216484149894491, 0.5216484149894491], "test_loss": [0.6919796546744235, 0.6736395620433978, 0.6104414428079594, 0.61237722968256]}