{"micro": [0.701508242721852, 0.7127323746054017, 0.7155384075762891, 0.7155384075762891], "macro": [0.6947351292331874, 0.7044256467601834, 0.7077325824059998, 0.7077325824059998], "weighted": [0.6946822791009758, 0.7043603972086848, 0.7076678560520229, 0.7076678560520229], "val_loss": [0.5385649851081091, 0.5171950362914102, 0.5067044551791259, 0.5067044551791259], "train_disc": [0.7227770812684597, 0.695400369899899, 0.6564472307706012], "train_gen": [0.753039148266755, 0.8207939470280482, 0.8216200277792008], "train_class": [0.1520190000242694, 0.1403670410662057, 0.1375045161382113], "train_enc": [0.27222303596621783, 0.276452427553065, 0.2743276231948224]}