{"micro": [0.39775517362329005, 0.4009119607155384, 0.4601894072255349, 0.4601894072255349], "macro": [0.3800777319372415, 0.38316673800024986, 0.4511940375196138, 0.4511940375196138], "weighted": [0.3387509008309848, 0.3155208368042052, 0.422572518717356, 0.422572518717356], "test_loss": [0.8443200959506647, 1.0113158623932461, 0.699786617602716, 0.6984259301390727]}