{"micro": [0.6997544721150474, 0.706068046299544, 0.7050157839354613, 0.7050157839354613], "macro": [0.6931758362766917, 0.6981989243277519, 0.6971021675665446, 0.6971021675665446], "weighted": [0.6931183930719089, 0.6981326329446563, 0.6970371066408675, 0.6970371066408675], "val_loss": [0.5320886152083647, 0.5150426797069317, 0.5189659854803006, 0.5189659854803006], "train_disc": [0.6958022893474088, 0.6733926314881394, 0.6348942947787279], "train_gen": [0.6781919601909275, 0.7606999271408805, 0.7772902719801364], "train_class": [0.12124533096963135, 0.12032271652123448, 0.12282195912060125], "train_enc": [0.2883293264904502, 0.31243588754584667, 0.31916246001280885]}