{"micro": [0.701508242721852, 0.7151876534549281, 0.7120308663626798, 0.7120308663626798], "macro": [0.6947351292331874, 0.7071257554465094, 0.7078625066375274, 0.7078625066375274], "weighted": [0.6946822791009758, 0.7070596228394304, 0.7078069765482043, 0.7078069765482043], "val_loss": [0.5385649851081091, 0.5132030901192121, 0.5061307348852051, 0.5061307348852051], "train_disc": [0.6958687921476098, 0.6878768788369675, 0.6866001446819838], "train_gen": [0.6139192224880836, 0.7560069657570823, 0.7413514106633277], "train_class": [0.09074591220923642, 0.10940015863356643, 0.11979852485673388], "train_enc": [0.35233256620401776, 0.4327035619559901, 0.43057496754150815]}