{"micro": [0.6997544721150474, 0.7053665380568221, 0.6987022097509645, 0.6987022097509645], "macro": [0.6931758362766917, 0.6973470534577443, 0.6940126411916104, 0.6940126411916104], "weighted": [0.6931183930719089, 0.6972758549124953, 0.6939577717788807, 0.6939577717788807], "val_loss": [0.5320886152083647, 0.48559824264915297, 0.5224846019175465, 0.5224846019175465], "train_disc": [0.6818487144715293, 0.6532538180244701, 0.7005857229232788], "train_gen": [0.6433342298981863, 0.6665778662905347, 0.6472247109732814], "train_class": [0.05368626126551262, 0.06302646408637975, 0.06607207349975015], "train_enc": [0.3485102457041181, 0.3648021655708718, 0.3566483920179932]}