{"micro": [0.4914065240266573, 0.44440547176429324, 0.5636618730270081, 0.5636618730270081], "macro": [0.48967456389079267, 0.44079439442583296, 0.5583693043918359, 0.5583693043918359], "weighted": [0.4652464476200861, 0.3967855034445289, 0.5618758757586901, 0.5618758757586901], "test_loss": [0.6941302328802353, 0.8681539445283026, 0.5740393748995978, 0.5798211232576956]}