{"micro": [0.6997544721150474, 0.6990529638723255, 0.7057172921781831, 0.7057172921781831], "macro": [0.6931758362766917, 0.6896852513524063, 0.6984248086723012, 0.6984248086723012], "weighted": [0.6931183930719089, 0.6896160149501711, 0.6983609805726633, 0.6983609805726633], "val_loss": [0.5320886152083647, 0.5383878498853252, 0.5107863505043131, 0.5107863505043131], "train_disc": [0.6851738381652193, 0.6803521853585482, 0.679150102524784], "train_gen": [0.5937862937343853, 0.7277038490306066, 0.700296649386763], "train_class": [0.1326900029440499, 0.1376320388397025, 0.13286582875851147], "train_enc": [0.36323814818313, 0.43266794268645387, 0.4165812386147803]}