{"micro": [0.4531743247983164, 0.4247632409680814, 0.4710627849877236, 0.4710627849877236], "macro": [0.46821117883743235, 0.44724642364093814, 0.4842871954108487, 0.4842871954108487], "weighted": [0.4543922484098109, 0.4303645055659413, 0.48093579644223183, 0.48093579644223183], "test_loss": [0.7726080134594241, 0.8015348493386913, 0.7105437851817914, 0.711240079316347]}