{"micro": [0.4531743247983164, 0.4570326201332865, 0.5285864608909154, 0.5285864608909154], "macro": [0.46821117883743235, 0.46916439902759244, 0.520642175389944, 0.520642175389944], "weighted": [0.4543922484098109, 0.4501380632653058, 0.5341455535704703, 0.5341455535704703], "test_loss": [0.7704622967782633, 0.8181518174749512, 0.640506366611193, 0.6375507574174657]}