{"micro": [0.47527183444405474, 0.4472115047351806, 0.4924587863907401, 0.4924587863907401], "macro": [0.4860679743271466, 0.4623963827926177, 0.49910213412793974, 0.49910213412793974], "weighted": [0.4725521464399597, 0.43711691647011897, 0.4932534088327791, 0.4932534088327791], "test_loss": [0.7751156992419472, 0.8790913971775737, 0.7560352393368769, 0.7579173384099033]}