{"micro": [0.701508242721852, 0.7099263416345142, 0.7130831287267625, 0.7130831287267625], "macro": [0.6947351292331874, 0.7022940232763609, 0.7061305644927223, 0.7061305644927223], "weighted": [0.6946822791009758, 0.7022331285006401, 0.7060718161003067, 0.7060718161003067], "val_loss": [0.5385649851081091, 0.5261324299447363, 0.5126605167485482, 0.5126605167485482], "train_disc": [0.7242583412697862, 0.6875420335950798, 0.6498712730807299], "train_gen": [0.720773021269111, 0.8469101993065307, 0.8374718843891634], "train_class": [0.1486927337902884, 0.14323058573518718, 0.14007125915595273], "train_enc": [0.26310879616431015, 0.28396651165445425, 0.27955138883111197]}