{"micro": [0.39775517362329005, 0.41915117502630655, 0.46369694843914416, 0.46369694843914416], "macro": [0.3800777319372415, 0.40662493046077947, 0.45143160473781424, 0.45143160473781424], "weighted": [0.3387509008309848, 0.3642548309292498, 0.43221443800482123, 0.43221443800482123], "test_loss": [0.8423551524151637, 0.782693837608039, 0.7002529701707083, 0.6986564389487219]}