{"micro": [0.39775517362329005, 0.4033672395650649, 0.42230796211855487, 0.42230796211855487], "macro": [0.3800777319372415, 0.38846749519549645, 0.4100002513877265, 0.4100002513877265], "weighted": [0.3387509008309848, 0.3414527738592168, 0.3729611835719573, 0.3729611835719573], "test_loss": [0.8427828661889337, 0.8370576169154498, 0.7982699645464647, 0.8005735384685367]}