{"micro": [0.8207646439845668, 0.8165555945282356, 0.8148018239214311, 0.8148018239214311], "macro": [0.8214055185004917, 0.8174817483069323, 0.8153171882364104, 0.8153171882364104], "weighted": [0.821354016835075, 0.8174286432281503, 0.8152630868148695, 0.8152630868148695], "val_loss": [0.313386614543032, 0.3397185597259827, 0.3465574415941728, 0.3465574415941728], "train_disc": [0.6955678472971784, 0.677083641457158, 0.652273152460599], "train_gen": [0.6542963125852234, 0.7210867491514323, 0.7457431381641153], "train_class": [0.20703727058941426, 0.20171898266290153, 0.1943226925737365], "train_enc": [0.34121498890096247, 0.3575293185324642, 0.35974883333930757]}