{"micro": [0.7670992634163452, 0.7699052963872326, 0.7663977551736232, 0.7663977551736232], "macro": [0.7647084873853517, 0.7680931743574044, 0.7652894514781033, 0.7652894514781033], "weighted": [0.7646901074460154, 0.7680737917165685, 0.7652721088619969, 0.7652721088619969], "val_loss": [0.392251680443823, 0.40039782021090636, 0.40511539095606885, 0.40511539095606885], "train_disc": [0.6790785892715667, 0.6796346186925579, 0.6715078540354468], "train_gen": [0.6569253499281473, 0.6867426733730891, 0.7044674391187103], "train_class": [0.15236543247986106, 0.14830737038614364, 0.14103118958752914], "train_enc": [0.3037334151108172, 0.3098379689055448, 0.3100620722970483]}