{"micro": [0.4531743247983164, 0.4426517011574886, 0.4619431778323395, 0.4619431778323395], "macro": [0.46821117883743235, 0.45963453166410656, 0.4742860077424429, 0.4742860077424429], "weighted": [0.4543922484098109, 0.44340187033374395, 0.46280525996160665, 0.46280525996160665], "test_loss": [0.774021935529549, 0.8120082506920372, 0.7695493095413932, 0.7691396085243651]}