{"micro": [0.701508242721852, 0.7193967029112591, 0.7165906699403718, 0.7165906699403718], "macro": [0.6947351292331874, 0.7119487136414925, 0.7096872880574493, 0.7096872880574493], "weighted": [0.6946822791009758, 0.7118841939256131, 0.7096239329455991, 0.7096239329455991], "val_loss": [0.5385649851081091, 0.4954226632711774, 0.4969977552497853, 0.4969977552497853], "train_disc": [0.6830072922413576, 0.6682681641099173, 0.6501755118370056], "train_gen": [0.6640687578217277, 0.7671923457577242, 0.7703850226029337], "train_class": [0.1344560412013664, 0.12530652702104447, 0.1267444648306463], "train_enc": [0.240378589603488, 0.25368369458107976, 0.25547258114681565]}