{"micro": [0.47527183444405474, 0.4531743247983164, 0.5022799017888461, 0.5022799017888461], "macro": [0.4860679743271466, 0.4643475228113471, 0.5065432528722525, 0.5065432528722525], "weighted": [0.4725521464399597, 0.4397581610640495, 0.5107629304372215, 0.5107629304372215], "test_loss": [0.7718394764974796, 0.8700049607780392, 0.6912446208506323, 0.6908772909940954]}