{"micro": [0.7670992634163452, 0.7702560505085935, 0.7656962469309014, 0.7656962469309014], "macro": [0.7647084873853517, 0.7685926267223127, 0.7646064026669354, 0.7646064026669354], "weighted": [0.7646901074460154, 0.7685709075392583, 0.7645915094630799, 0.7645915094630799], "val_loss": [0.392251680443823, 0.39403084060957644, 0.4084538096489187, 0.4084538096489187], "train_disc": [0.69846835049837, 0.697817815748673, 0.6832668388356044], "train_gen": [0.6460947813934454, 0.6771930356265446, 0.6986989938347034], "train_class": [0.1574611751123347, 0.15200867724485237, 0.15239249155258333], "train_enc": [0.4017779780499762, 0.41460085631082844, 0.4255457425583674]}