{"micro": [0.701508242721852, 0.7137846369694842, 0.7127323746054017, 0.7127323746054017], "macro": [0.6947351292331874, 0.7067817943342103, 0.7070795821318581, 0.7070795821318581], "weighted": [0.6946822791009758, 0.7067165629122197, 0.7070181630812737, 0.7070181630812737], "val_loss": [0.5385649851081091, 0.4826482541276423, 0.4915975659835938, 0.4915975659835938], "train_disc": [0.6745863253843851, 0.6968301831011, 0.6878511632620955], "train_gen": [0.6702334867509384, 0.6861582538269085, 0.7158717553042833], "train_class": [0.05446409195786415, 0.05486881165302166, 0.05509731330643486], "train_enc": [0.2391949181949626, 0.2442556516418244, 0.25332965339695274]}