{"micro": [0.4531743247983164, 0.47597334268677655, 0.5008768853034024, 0.5008768853034024], "macro": [0.46821117883743235, 0.48357405844608764, 0.5030409119487788, 0.5030409119487788], "weighted": [0.4543922484098109, 0.47396079027802274, 0.5083023012511724, 0.5083023012511724], "test_loss": [0.7733096665177266, 0.7610737757975828, 0.6729828340714205, 0.6744221675329368]}