{"micro": [0.6997544721150474, 0.7057172921781831, 0.706418800420905, 0.706418800420905], "macro": [0.6931758362766917, 0.6980580164727863, 0.7011886288513051, 0.7011886288513051], "weighted": [0.6931183930719089, 0.6979918291350405, 0.7011292135313382, 0.7011292135313382], "val_loss": [0.5320886152083647, 0.5311297203242445, 0.5198158830112918, 0.5198158830112918], "train_disc": [0.7156834445852142, 0.6788120569463548, 0.6829916035662816], "train_gen": [0.5710571348334158, 0.6954281456643643, 0.6950746458335961], "train_class": [0.12715466603553494, 0.1384597092076054, 0.1445111476675758], "train_enc": [0.3491059000598652, 0.4169439277169425, 0.41979289587649554]}