{"micro": [0.39775517362329005, 0.440897930550684, 0.4756225885654156, 0.4756225885654156], "macro": [0.3800777319372415, 0.4304557794931044, 0.46493253347660835, 0.46493253347660835], "weighted": [0.3387509008309848, 0.38874288199393997, 0.44596708178753147, 0.44596708178753147], "test_loss": [0.8446369775513697, 0.7764535393128847, 0.6701737048739161, 0.6725394637558048]}