{"micro": [0.4914065240266573, 0.4808839003858295, 0.5419151175026307, 0.5419151175026307], "macro": [0.48967456389079267, 0.4868074596002286, 0.5380632344060587, 0.5380632344060587], "weighted": [0.4652464476200861, 0.4573250588153091, 0.5342603788268779, 0.5342603788268779], "test_loss": [0.6933437853885096, 0.7142815723099523, 0.6020688723418965, 0.6048499127673037]}