{"micro": [0.701508242721852, 0.7162399158190108, 0.7158891616976499, 0.7158891616976499], "macro": [0.6947351292331874, 0.7105870176471449, 0.713806570127653, 0.713806570127653], "weighted": [0.6946822791009758, 0.7105262674659518, 0.713746594435199, 0.713746594435199], "val_loss": [0.5385649851081091, 0.5344513305280795, 0.4814760014831021, 0.4814760014831021], "train_disc": [0.6845210131320207, 0.7186904439713035, 0.7365729029618162], "train_gen": [0.5058121604626405, 0.7089091139798723, 0.7069839821847458], "train_class": [0.06815533125096693, 0.07808886770179818, 0.07437174061739911], "train_enc": [0.2869837453911424, 0.39349899062231264, 0.3906778616612184]}