{"micro": [0.6997544721150474, 0.7127323746054017, 0.7067695545422659, 0.7067695545422659], "macro": [0.6931758362766917, 0.7049190447452176, 0.6991781324519293, 0.6991781324519293], "weighted": [0.6931183930719089, 0.7048515336791923, 0.699111385269409, 0.699111385269409], "val_loss": [0.5320886152083647, 0.49201655221385, 0.5192496125591534, 0.5192496125591534], "train_disc": [0.6721179035788808, 0.6505725983134861, 0.6138644744564035], "train_gen": [0.6909108028731532, 0.7655672707371206, 0.7970110624196143], "train_class": [0.11410527414116779, 0.11356393893004796, 0.10896342635862322], "train_enc": [0.22946638434958858, 0.24396461056930394, 0.24657295802452045]}