{"micro": [0.6997544721150474, 0.710627849877236, 0.7074710627849876, 0.7074710627849876], "macro": [0.6931758362766917, 0.7035370381407109, 0.7003586821357, 0.7003586821357], "weighted": [0.6931183930719089, 0.7034715156307402, 0.7002932500814482, 0.7002932500814482], "val_loss": [0.5320886152083647, 0.5124426724482848, 0.5120820693213847, 0.5120820693213847], "train_disc": [0.6986236405772204, 0.6535430277526045, 0.6357018727830003], "train_gen": [0.6496765184002882, 0.7763463811501444, 0.7690404087471563], "train_class": [0.07645599113246582, 0.08020894668018186, 0.07673332509298564], "train_enc": [0.24842215816401902, 0.2890501862298177, 0.2844254580123464]}