{"micro": [0.6997544721150474, 0.706068046299544, 0.7067695545422659, 0.7067695545422659], "macro": [0.6931758362766917, 0.6984962390889935, 0.7013202512082198, 0.7013202512082198], "weighted": [0.6931183930719089, 0.6984298427586189, 0.7012595805069113, 0.7012595805069113], "val_loss": [0.5320886152083647, 0.5269856644929621, 0.5123229675910659, 0.5123229675910659], "train_disc": [0.7233195135047316, 0.6884320471539843, 0.6656502605150532], "train_gen": [0.5783032363686482, 0.7554173153205956, 0.7246999494190323], "train_class": [0.08590199031435244, 0.08497535380113391, 0.088640085072907], "train_enc": [0.2828624930295198, 0.35315214555356755, 0.3430640374482011]}