{"micro": [0.8207646439845668, 0.815152578042792, 0.8126972991932655, 0.8126972991932655], "macro": [0.8214055185004917, 0.8157297232660693, 0.8128963090609403, 0.8128963090609403], "weighted": [0.821354016835075, 0.8156774054015132, 0.8128427529772728, 0.8128427529772728], "val_loss": [0.313386614543032, 0.3466944918716092, 0.3614037089458245, 0.3614037089458245], "train_disc": [0.6775436281491924, 0.6747346450496652, 0.6715094207385399], "train_gen": [0.6808742258135833, 0.7052277223357941, 0.7170712108718617], "train_class": [0.20580531841966027, 0.1979302966852761, 0.19771749701080377], "train_enc": [0.4433397720645926, 0.4515790093544475, 0.45739435466974143]}