{"micro": [0.8207646439845668, 0.8190108733777622, 0.8116450368291828, 0.8116450368291828], "macro": [0.8214055185004917, 0.8194844598011887, 0.8120912891328128, 0.8120912891328128], "weighted": [0.821354016835075, 0.8194341990408534, 0.8120358420023138, 0.8120358420023138], "val_loss": [0.313386614543032, 0.3313762944727595, 0.3494073981386687, 0.3494073981386687], "train_disc": [0.7106078423601289, 0.6934719591833359, 0.676007926131094], "train_gen": [0.7084366219669747, 0.7145031354280823, 0.7161599480906012], "train_class": [0.11976396450616794, 0.11504501838486787, 0.11719344223344792], "train_enc": [0.41410029400660336, 0.4147740767321773, 0.41667669512040123]}