{"micro": [0.8267274640477026, 0.8193616274991231, 0.8123465450719046, 0.8123465450719046], "macro": [0.8261760543412829, 0.8181813309611874, 0.8108047450060624, 0.8108047450060624], "weighted": [0.8261227767559728, 0.8181259080430493, 0.810744494310199, 0.810744494310199], "val_loss": [0.32073013236038594, 0.3389359095303586, 0.3675698669231887, 0.3675698669231887], "train_disc": [0.6631974318174011, 0.6765490264199966, 0.704162851059237], "train_gen": [0.6883159965776199, 0.7240055666289515, 0.6863014511555933], "train_class": [0.06527867174821818, 0.07254269431922689, 0.07412328299488768], "train_enc": [0.3767973347749124, 0.3982741314938614, 0.3802123677464171]}