{"micro": [0.8267274640477026, 0.8267274640477026, 0.8256752016836197, 0.8256752016836197], "macro": [0.8261760543412829, 0.8261871823355164, 0.8247195578910406, 0.8247195578910406], "weighted": [0.8261227767559728, 0.8261356925151098, 0.824666784033625, 0.824666784033625], "val_loss": [0.32073013236038594, 0.33770306106505904, 0.34752612277558437, 0.34752612277558437], "train_disc": [0.7634599934743104, 0.7024514119052354, 0.630779322965185], "train_gen": [0.6800596667401617, 0.8378091824121315, 0.8896539084738193], "train_class": [0.220964790098161, 0.1936711815898645, 0.21169427457634962], "train_enc": [0.31278377005507824, 0.32249878763153567, 0.3472862082986192]}