{"micro": [0.4531743247983164, 0.4507190459487899, 0.4791301297790249, 0.4791301297790249], "macro": [0.46821117883743235, 0.4683547089540488, 0.4876954447340698, 0.4876954447340698], "weighted": [0.4543922484098109, 0.4569552325406151, 0.4862199462288901, 0.4862199462288901], "test_loss": [0.7735030652757463, 0.7846954333382612, 0.7216125074045618, 0.7199451054274703]}