{"micro": [0.4531743247983164, 0.47527183444405474, 0.49736934408979305, 0.49736934408979305], "macro": [0.46821117883743235, 0.4843857100907867, 0.5012125246922916, 0.5012125246922916], "weighted": [0.4543922484098109, 0.4773408922171065, 0.504131161523231, 0.504131161523231], "test_loss": [0.7760566507970821, 0.7454981394320227, 0.6934350267801871, 0.6893717580833915]}