{"micro": [0.7670992634163452, 0.7667485092949842, 0.7653454928095406, 0.7653454928095406], "macro": [0.7647084873853517, 0.7647422370441134, 0.7649186035271063, 0.7649186035271063], "weighted": [0.7646901074460154, 0.7647200214657318, 0.7649031280688876, 0.7649031280688876], "val_loss": [0.392251680443823, 0.3895527916913592, 0.39980382753234334, 0.39980382753234334], "train_disc": [0.7203091602751662, 0.7206750225754424, 0.6859378874634897], "train_gen": [0.6342582063301981, 0.7010639962537328, 0.727767742545911], "train_class": [0.052717953009853484, 0.05548380574409189, 0.0493528918830116], "train_enc": [0.28533406014549, 0.31371589146512846, 0.32071884068030887]}