{"micro": [0.8267274640477026, 0.820063135741845, 0.8126972991932655, 0.8126972991932655], "macro": [0.8261760543412829, 0.8186241617319835, 0.8115505036690024, 0.8115505036690024], "weighted": [0.8261227767559728, 0.8185722643708339, 0.8114917686962045, 0.8114917686962045], "val_loss": [0.32073013236038594, 0.3398801140759047, 0.35592701558320256, 0.35592701558320256], "train_disc": [0.7216575255607094, 0.6807166574387576, 0.6677472131878304], "train_gen": [0.5479580866557926, 0.7923628667879371, 0.7656019489858403], "train_class": [0.06370117377968473, 0.07321674726362334, 0.07574809609532522], "train_enc": [0.2574039431257621, 0.3608752012918781, 0.35168964403301645]}