{"micro": [0.6997544721150474, 0.7067695545422659, 0.7074710627849876, 0.7074710627849876], "macro": [0.6931758362766917, 0.6993813160905439, 0.700871216597935, 0.700871216597935], "weighted": [0.6931183930719089, 0.6993146997158888, 0.7008066580629044, 0.7008066580629044], "val_loss": [0.5320886152083647, 0.5140648771535251, 0.5164194676671281, 0.5164194676671281], "train_disc": [0.7378112244206434, 0.6817226163501846, 0.6444115145912384], "train_gen": [0.5878081048667098, 0.7462525977102737, 0.7576767419303596], "train_class": [0.130538540439649, 0.11898222968877194, 0.12463826496757609], "train_enc": [0.3134463714154739, 0.36989038716481387, 0.3778536666038982]}