{"micro": [0.7670992634163452, 0.7656962469309014, 0.7688530340231498, 0.7688530340231498], "macro": [0.7647084873853517, 0.7637621612507902, 0.7679049038003442, 0.7679049038003442], "weighted": [0.7646901074460154, 0.7637416325166511, 0.7678849139398437, 0.7678849139398437], "val_loss": [0.392251680443823, 0.403241814265038, 0.39835806725827677, 0.39835806725827677], "train_disc": [0.6813624694360702, 0.6762176512339928, 0.6641778875995614], "train_gen": [0.7180427712435163, 0.7290788635861274, 0.7382037616308841], "train_class": [0.17759965299810776, 0.16850829062015651, 0.1562762170946798], "train_enc": [0.33973259549567153, 0.33667946877426275, 0.3308544863202718]}