{"micro": [0.47527183444405474, 0.4437039635215714, 0.5149070501578393, 0.5149070501578393], "macro": [0.4860679743271466, 0.4443059104128877, 0.5148826707031475, 0.5148826707031475], "weighted": [0.4725521464399597, 0.40706083422438005, 0.52265742102393, 0.52265742102393], "test_loss": [0.773481322899877, 0.9576169065922998, 0.6815005229505081, 0.6799971903336115]}