{"micro": [0.47527183444405474, 0.4650999649245879, 0.5036829182742897, 0.5036829182742897], "macro": [0.4860679743271466, 0.47890983346682336, 0.5066199037057791, 0.5066199037057791], "weighted": [0.4725521464399597, 0.46372340861934036, 0.5119139299368894, 0.5119139299368894], "test_loss": [0.776677793797168, 0.8210356853194742, 0.6829271686143715, 0.6827914944574154]}