{"micro": [0.3784636969484391, 0.45177130831287265, 0.5043844265170115, 0.5043844265170115], "macro": [0.3540092300951409, 0.4471557992924004, 0.4966458213774912, 0.4966458213774912], "weighted": [0.3147890031588733, 0.41213662481659674, 0.49107736915985606, 0.49107736915985606], "test_loss": [1.0329762525731625, 0.7980178965869562, 0.6811552285815085, 0.677751490024215]}