{"micro": [0.3784636969484391, 0.4009119607155384, 0.497720098211154, 0.497720098211154], "macro": [0.3540092300951409, 0.3868341956824232, 0.4794503854756765, 0.4794503854756765], "weighted": [0.3147890031588733, 0.3382834761364457, 0.4824970958166673, 0.4824970958166673], "test_loss": [1.03422196151158, 0.9674143648014388, 0.7069641777922987, 0.7104810770996456]}