{"micro": [0.701508242721852, 0.7144861452122062, 0.7172921781830937, 0.7172921781830937], "macro": [0.6947351292331874, 0.7057696808038135, 0.7100309890331514, 0.7100309890331514], "weighted": [0.6946822791009758, 0.7057029279135141, 0.7099649571451302, 0.7099649571451302], "val_loss": [0.5385649851081091, 0.5030372241439101, 0.499997814274367, 0.499997814274367], "train_disc": [0.6777604208978195, 0.6762550679665038, 0.6772844941256433], "train_gen": [0.7136119264464139, 0.7576624711132582, 0.746188394517206], "train_class": [0.13913498904202237, 0.1295226361581733, 0.13520075213268148], "train_enc": [0.31147807645065156, 0.3179645939579223, 0.31849705157333247]}