{"micro": [0.4531743247983164, 0.4661522272886706, 0.5043844265170115, 0.5043844265170115], "macro": [0.46821117883743235, 0.47346914037520343, 0.5055739477387357, 0.5055739477387357], "weighted": [0.4543922484098109, 0.45473183118868443, 0.5108559523475186, 0.5108559523475186], "test_loss": [0.7728118916463586, 0.8035708709968535, 0.6690480354444941, 0.6682481033176018]}