{"micro": [0.4914065240266573, 0.4896527534198527, 0.5078919677306208, 0.5078919677306208], "macro": [0.48967456389079267, 0.4869022552222633, 0.5049791312478127, 0.5049791312478127], "weighted": [0.4652464476200861, 0.459371819806613, 0.48760515936241, 0.48760515936241], "test_loss": [0.6919308840895498, 0.7109428993816482, 0.6497307689496259, 0.6496130372891878]}