{"micro": [0.39775517362329005, 0.4033672395650649, 0.4384426517011575, 0.4384426517011575], "macro": [0.3800777319372415, 0.3878399620506996, 0.42703376934300846, 0.42703376934300846], "weighted": [0.3387509008309848, 0.3344952945033837, 0.3952134033287234, 0.3952134033287234], "test_loss": [0.8431290441385194, 0.861818493911008, 0.7286637691812142, 0.7347128387936]}