{"micro": [0.8207646439845668, 0.8183093651350404, 0.815152578042792, 0.815152578042792], "macro": [0.8214055185004917, 0.8191677196579595, 0.8156495216858209, 0.8156495216858209], "weighted": [0.821354016835075, 0.8191153807562574, 0.8155969840113665, 0.8155969840113665], "val_loss": [0.313386614543032, 0.34017949262874553, 0.34142147322437677, 0.34142147322437677], "train_disc": [0.7183204819370248, 0.6836724950614588, 0.6448429949456753], "train_gen": [0.6447571436120145, 0.7178060828640475, 0.7503353970010853], "train_class": [0.17505838761532772, 0.17618742932737205, 0.16640635405006354], "train_enc": [0.26899814397596117, 0.28451116433023743, 0.2831921677349666]}