{"micro": [0.701508242721852, 0.71974745703262, 0.7169414240617327, 0.7169414240617327], "macro": [0.6947351292331874, 0.7134409734506034, 0.7115747945801033, 0.7115747945801033], "weighted": [0.6946822791009758, 0.7133794382371069, 0.711515551562653, 0.711515551562653], "val_loss": [0.5385649851081091, 0.5015172436833382, 0.5068178181874685, 0.5068178181874685], "train_disc": [0.6717356743093309, 0.6844474446840126, 0.6834238541192849], "train_gen": [0.6547580884155615, 0.7455497463988192, 0.7492689780016851], "train_class": [0.15116262071708728, 0.1489919092526982, 0.15256562658361883], "train_enc": [0.35260081649159586, 0.3876150530143823, 0.39124697796459307]}