{"micro": [0.3784636969484391, 0.4205541915117503, 0.44054717642932306, 0.44054717642932306], "macro": [0.3540092300951409, 0.41156272296794255, 0.4341236658237853, 0.4341236658237853], "weighted": [0.3147890031588733, 0.36901382626130586, 0.4015039050704567, 0.4015039050704567], "test_loss": [1.0335128502139832, 0.9269070207406689, 0.845396184887966, 0.8419590094569009]}