{"micro": [0.47527183444405474, 0.459838653104174, 0.48544370396352154, 0.48544370396352154], "macro": [0.4860679743271466, 0.469130453459022, 0.4945950437106638, 0.4945950437106638], "weighted": [0.4725521464399597, 0.44677020396747724, 0.48489580924522413, 0.48489580924522413], "test_loss": [0.7746265930170454, 0.8314203936294471, 0.7713395079087945, 0.768840938473547]}