{"micro": [0.47527183444405474, 0.4710627849877236, 0.5177130831287268, 0.5177130831287268], "macro": [0.4860679743271466, 0.47524714505465093, 0.5151216896584072, 0.5151216896584072], "weighted": [0.4725521464399597, 0.4554348653119206, 0.521308646725115, 0.521308646725115], "test_loss": [0.7775180857607772, 0.8405808368541675, 0.6886136908104966, 0.6873039235282876]}