{"micro": [0.39775517362329005, 0.4009119607155384, 0.42020343739038934, 0.42020343739038934], "macro": [0.3800777319372415, 0.3849948613157226, 0.40635831090641555, 0.40635831090641555], "weighted": [0.3387509008309848, 0.33791294492207097, 0.370292404973982, 0.370292404973982], "test_loss": [0.842557333035176, 0.8904309034680521, 0.8097122882664537, 0.8128927469919514]}