{"micro": [0.701508242721852, 0.720448965275342, 0.720799719396703, 0.720799719396703], "macro": [0.6947351292331874, 0.7115518611522232, 0.7139206255259639, 0.7139206255259639], "weighted": [0.6946822791009758, 0.7114821655822972, 0.7138552177898553, 0.7138552177898553], "val_loss": [0.5385649851081091, 0.4833147947015709, 0.4925028639091127, 0.4925028639091127], "train_disc": [0.702572490582919, 0.687612474297678, 0.6792814265416321], "train_gen": [0.6612535255581307, 0.7783968045724837, 0.7518505643865916], "train_class": [0.16629092728292477, 0.15474725627033403, 0.15581032065622633], "train_enc": [0.36427597609978146, 0.404207083433034, 0.39422642735129626]}