{"micro": [0.6997544721150474, 0.7078218169063485, 0.7078218169063485, 0.7078218169063485], "macro": [0.6931758362766917, 0.6995510470927009, 0.7008321663558673, 0.7008321663558673], "weighted": [0.6931183930719089, 0.6994832099265782, 0.7007672237247649, 0.7007672237247649], "val_loss": [0.5320886152083647, 0.5112877613630707, 0.5092646944539507, 0.5092646944539507], "train_disc": [0.7017939413725997, 0.6526716474714226, 0.6129634853181892], "train_gen": [0.6287579626344436, 0.758876598414096, 0.7808916275727682], "train_class": [0.1287579812400834, 0.11911215221082698, 0.1228602003597514], "train_enc": [0.22875798139825212, 0.24706504647958213, 0.25446649012285905]}