{"micro": [0.4914065240266573, 0.4577341283760084, 0.5394598386531042, 0.5394598386531042], "macro": [0.48967456389079267, 0.4532866097915722, 0.5324082191107511, 0.5324082191107511], "weighted": [0.4652464476200861, 0.4145458705416288, 0.5289373173502894, 0.5289373173502894], "test_loss": [0.6911050460858053, 0.7737432690805564, 0.5976745231524526, 0.5988312386933652]}