{"micro": [0.6997544721150474, 0.706418800420905, 0.7067695545422659, 0.7067695545422659], "macro": [0.6931758362766917, 0.6988104511959333, 0.6994738906269852, 0.6994738906269852], "weighted": [0.6931183930719089, 0.6987459528694141, 0.699410146195066, 0.699410146195066], "val_loss": [0.5320886152083647, 0.5239720599278391, 0.5128133846602959, 0.5128133846602959], "train_disc": [0.6907994713863181, 0.6540209860775058, 0.6155047952795828], "train_gen": [0.5982048208487101, 0.7504522007936872, 0.7870486691677371], "train_class": [0.13193898277575744, 0.12110548772375677, 0.12085209818109453], "train_enc": [0.22519215375351506, 0.24697483385075403, 0.2540914168237974]}