{"micro": [0.701508242721852, 0.7130831287267625, 0.7158891616976499, 0.7158891616976499], "macro": [0.6947351292331874, 0.7058664396840734, 0.7089882535699396, 0.7089882535699396], "weighted": [0.6946822791009758, 0.7058050015779815, 0.7089235947367442, 0.7089235947367442], "val_loss": [0.5385649851081091, 0.5080929448900942, 0.4886412654051235, 0.4886412654051235], "train_disc": [0.7208982010127446, 0.6877556939364812, 0.6762151981199254], "train_gen": [0.5529054341702487, 0.7572489254301487, 0.7602541100379475], "train_class": [0.05684471032035917, 0.04962320175729484, 0.05132576303983201], "train_enc": [0.15605685768347213, 0.1911483501921819, 0.1931114364103232]}