{"micro": [0.8267274640477026, 0.8179586110136794, 0.8193616274991231, 0.8193616274991231], "macro": [0.8261760543412829, 0.8172721209675312, 0.8182727312914252, 0.8182727312914252], "weighted": [0.8261227767559728, 0.8172163309257032, 0.8182187326263833, 0.8182187326263833], "val_loss": [0.32073013236038594, 0.3256852232542815, 0.3437981839322969, 0.3437981839322969], "train_disc": [0.6415322116633367, 0.6423242008885858, 0.6533378252769981], "train_gen": [0.7545178798989877, 0.7910240818668344, 0.7714756337624022], "train_class": [0.06257529013566465, 0.05907734875260285, 0.062160358408318996], "train_enc": [0.2009638125004049, 0.2054666995835704, 0.20402341798031132]}