{"micro": [0.701508242721852, 0.7141353910908452, 0.7193967029112591, 0.7193967029112591], "macro": [0.6947351292331874, 0.7058115952958297, 0.7136998010260379, 0.7136998010260379], "weighted": [0.6946822791009758, 0.7057461731614519, 0.7136394240564812, 0.7136394240564812], "val_loss": [0.5385649851081091, 0.5150878997051349, 0.4916691447519723, 0.4916691447519723], "train_disc": [0.7287436157631475, 0.6872084047541273, 0.6782339897901652], "train_gen": [0.5339133742801304, 0.7485447023167956, 0.7479681382632123], "train_class": [0.0978079313651643, 0.09393032208376424, 0.09726504077250397], "train_enc": [0.2722501133740281, 0.35577608287001455, 0.35754628804142913]}