{"micro": [0.7670992634163452, 0.7685022799017889, 0.7663977551736232, 0.7663977551736232], "macro": [0.7647084873853517, 0.7661930566195526, 0.7645788592176386, 0.7645788592176386], "weighted": [0.7646901074460154, 0.7661705851306291, 0.764560536653485, 0.764560536653485], "val_loss": [0.392251680443823, 0.39138218612727504, 0.4073954657989674, 0.4073954657989674], "train_disc": [0.680888073404408, 0.6672394755166337, 0.6515791622620055], "train_gen": [0.709759174445488, 0.7361480430517783, 0.7582656717833194], "train_class": [0.17641966598493428, 0.16397906635893122, 0.1622637443910431], "train_enc": [0.28308757173948446, 0.2784128665258099, 0.28146413559687206]}