{"micro": [0.3784636969484391, 0.3560154331813399, 0.39985969835145563, 0.39985969835145563], "macro": [0.3540092300951409, 0.32575280836977316, 0.3832873432362925, 0.3832873432362925], "weighted": [0.3147890031588733, 0.26896123287763923, 0.3465519674306091, 0.3465519674306091], "test_loss": [1.0340648513266495, 1.2787706883592977, 0.9453998243009578, 0.9498709010678297]}