{"micro": [0.47527183444405474, 0.49316029463346195, 0.5212206243423361, 0.5212206243423361], "macro": [0.4860679743271466, 0.49800322882342957, 0.5162404483756879, 0.5162404483756879], "weighted": [0.4725521464399597, 0.4902666247935562, 0.5219838783691527, 0.5219838783691527], "test_loss": [0.7729590573457367, 0.7570006514394749, 0.6773619343781604, 0.6752717324308843]}