{"micro": [0.4914065240266573, 0.5082427218519817, 0.5313924938618029, 0.5313924938618029], "macro": [0.48967456389079267, 0.5079057908062274, 0.5291731601422321, 0.5291731601422321], "weighted": [0.4652464476200861, 0.489364930509916, 0.520591919025687, 0.520591919025687], "test_loss": [0.6913093003813781, 0.6603297366443293, 0.6125201824324091, 0.609420443713332]}