{"micro": [0.3784636969484391, 0.3753069098561908, 0.4608909154682567, 0.4608909154682567], "macro": [0.3540092300951409, 0.35386437231957707, 0.4528261862786853, 0.4528261862786853], "weighted": [0.3147890031588733, 0.3032648873709332, 0.4337644418852164, 0.4337644418852164], "test_loss": [1.0338351834752706, 1.0940714097222803, 0.7756749204250687, 0.7762471524863269]}