{"micro": [0.8207646439845668, 0.8165555945282356, 0.8141003156787093, 0.8141003156787093], "macro": [0.8214055185004917, 0.8169383477025534, 0.8152483634891845, 0.8152483634891845], "weighted": [0.821354016835075, 0.816885727004665, 0.8151935963183475, 0.8151935963183475], "val_loss": [0.313386614543032, 0.33463048637654713, 0.33532376526776886, 0.33532376526776886], "train_disc": [0.6858259309603515, 0.6766451673800719, 0.6551679056449975], "train_gen": [0.6681245582063771, 0.7317962586546743, 0.7588634867241929], "train_class": [0.11272168764064099, 0.1105129099737166, 0.11664104954906682], "train_enc": [0.27934255713191114, 0.2968979216487714, 0.3093077878379289]}