{"micro": [0.701508242721852, 0.7099263416345142, 0.7169414240617327, 0.7169414240617327], "macro": [0.6947351292331874, 0.7022555035282992, 0.7111669515428906, 0.7111669515428906], "weighted": [0.6946822791009758, 0.7021928841448545, 0.7111074224201878, 0.7111074224201878], "val_loss": [0.5385649851081091, 0.5289245466259438, 0.5030004223964734, 0.5030004223964734], "train_disc": [0.7719671220086807, 0.7100769224779566, 0.6781416049216713], "train_gen": [0.49861279046735285, 0.7767515255752222, 0.7712377589508141], "train_class": [0.17240689101748627, 0.14730963229550328, 0.15206895523064629], "train_enc": [0.335509840003605, 0.46203058092287796, 0.4616533587764761]}