{"micro": [0.4914065240266573, 0.49456331111890567, 0.5341985268326903, 0.5341985268326903], "macro": [0.48967456389079267, 0.4931722708759716, 0.5312458274503732, 0.5312458274503732], "weighted": [0.4652464476200861, 0.4691333864153869, 0.5243280349555768, 0.5243280349555768], "test_loss": [0.6931221909696164, 0.6890108753516021, 0.5898215953864199, 0.5909106734744664]}