{"micro": [0.7670992634163452, 0.767800771659067, 0.7642932304454577, 0.7642932304454577], "macro": [0.7647084873853517, 0.765809112356444, 0.7634734578528782, 0.7634734578528782], "weighted": [0.7646901074460154, 0.7657902406666551, 0.7634576544929386, 0.7634576544929386], "val_loss": [0.392251680443823, 0.404855414579867, 0.409891273805549, 0.409891273805549], "train_disc": [0.7074496812660601, 0.7043815661409047, 0.6732188413263033], "train_gen": [0.632744320611048, 0.7370720509044285, 0.7405220992738308], "train_class": [0.1016767303350085, 0.09698814552214892, 0.09721144411567204], "train_enc": [0.3672105252076794, 0.4170300990509587, 0.4188667720589558]}