{"micro": [0.3784636969484391, 0.3833742546474921, 0.43177832339529987, 0.43177832339529987], "macro": [0.3540092300951409, 0.3615953966496266, 0.41987051935945824, 0.41987051935945824], "weighted": [0.3147890031588733, 0.321274094637218, 0.3947607571958303, 0.3947607571958303], "test_loss": [1.0311697375175006, 1.0679065218850887, 0.8453656003794856, 0.8519723327133243]}