{"micro": [0.7670992634163452, 0.7706068046299545, 0.7660470010522623, 0.7660470010522623], "macro": [0.7647084873853517, 0.7688131450392947, 0.7648548257944489, 0.7648548257944489], "weighted": [0.7646901074460154, 0.768793938119517, 0.7648365304465721, 0.7648365304465721], "val_loss": [0.392251680443823, 0.3959558164628025, 0.40018116449677077, 0.40018116449677077], "train_disc": [0.6848898430110356, 0.6914176974216653, 0.6710122970229421], "train_gen": [0.6042537605962274, 0.6772351894298745, 0.7114591272183637], "train_class": [0.09601154543625909, 0.09720951242257929, 0.09588949617477102], "train_enc": [0.24848421642234206, 0.27121722265328774, 0.2805603936564323]}