{"micro": [0.3784636969484391, 0.383725008768853, 0.4258155033321642, 0.4258155033321642], "macro": [0.3540092300951409, 0.3643796476094532, 0.4093912933873945, 0.4093912933873945], "weighted": [0.3147890031588733, 0.31976220944390393, 0.38621373103076573, 0.38621373103076573], "test_loss": [1.036212263993045, 1.0498651952050917, 0.8703520392905401, 0.8662513602712301]}