{"micro": [0.4531743247983164, 0.4437039635215714, 0.454928095405121, 0.454928095405121], "macro": [0.46821117883743235, 0.46183467015281315, 0.4712868506851677, 0.4712868506851677], "weighted": [0.4543922484098109, 0.44488507608823286, 0.4616193557821372, 0.4616193557821372], "test_loss": [0.7772693897092808, 0.8156390324984183, 0.7721929195539912, 0.7744912033973459]}