{"micro": [0.8267274640477026, 0.8249736934408979, 0.8183093651350404, 0.8183093651350404], "macro": [0.8261760543412829, 0.8235674130593263, 0.8171798690983301, 0.8171798690983301], "weighted": [0.8261227767559728, 0.8235164589249271, 0.8171247079730988, 0.8171247079730988], "val_loss": [0.32073013236038594, 0.34608052269420353, 0.3649830397630797, 0.3649830397630797], "train_disc": [0.6990156932916055, 0.6703782168180583, 0.6744299600910209], "train_gen": [0.6239846238876854, 0.7777955661938843, 0.7478286950281878], "train_class": [0.122609276813585, 0.12498863155865136, 0.14924955316012797], "train_enc": [0.37329695028299725, 0.45139209851206347, 0.44853912418781045]}