{"micro": [0.4914065240266573, 0.4843914415994388, 0.5303402314977201, 0.5303402314977201], "macro": [0.48967456389079267, 0.4800180426570724, 0.5272283101953334, 0.5272283101953334], "weighted": [0.4652464476200861, 0.4529393340864991, 0.5201430881486941, 0.5201430881486941], "test_loss": [0.6915534411728715, 0.7266594715957535, 0.6121597984316629, 0.608695156518474]}