{"micro": [0.4531743247983164, 0.47702560505085934, 0.5285864608909154, 0.5285864608909154], "macro": [0.46821117883743235, 0.48460873742061245, 0.5210046271040883, 0.5210046271040883], "weighted": [0.4543922484098109, 0.47100274013578236, 0.531712950301212, 0.531712950301212], "test_loss": [0.7720396751798065, 0.7726113603101762, 0.6478082392801786, 0.6492088816685384]}