{"micro": [0.7670992634163452, 0.763240968081375, 0.7656962469309014, 0.7656962469309014], "macro": [0.7647084873853517, 0.7617905242888569, 0.7651566645994162, 0.7651566645994162], "weighted": [0.7646901074460154, 0.7617743452806301, 0.7651394166687644, 0.7651394166687644], "val_loss": [0.392251680443823, 0.41284520004215186, 0.40536851731425555, 0.40536851731425555], "train_disc": [0.7023258841903516, 0.7059822565350453, 0.6817654324643438], "train_gen": [0.6578844955513597, 0.7092616757867056, 0.7179021812018069], "train_class": [0.16526932529480765, 0.1665860859250556, 0.1714716577413362], "train_enc": [0.4115769115573201, 0.43792388126170834, 0.44468691978374675]}