{"micro": [0.4914065240266573, 0.5029814100315678, 0.5212206243423361, 0.5212206243423361], "macro": [0.48967456389079267, 0.5023671078671881, 0.518571204312185, 0.518571204312185], "weighted": [0.4652464476200861, 0.4789144372229818, 0.505574525900099, 0.505574525900099], "test_loss": [0.691766701097595, 0.6827740820759501, 0.6272938118300624, 0.6233653645941665]}