{"micro": [0.8267274640477026, 0.8211153981059277, 0.8214661522272888, 0.8214661522272888], "macro": [0.8261760543412829, 0.8198037588460799, 0.820266468125097, 0.820266468125097], "weighted": [0.8261227767559728, 0.8197504606227468, 0.8202122872715477, 0.8202122872715477], "val_loss": [0.32073013236038594, 0.35595146540192074, 0.35472419883798306, 0.35472419883798306], "train_disc": [0.6557044453461077, 0.6432547486028192, 0.6470683406851145], "train_gen": [0.7315086522581857, 0.8175244461224732, 0.7994673465217292], "train_class": [0.11517453722281162, 0.12029488680249485, 0.11648495018731948], "train_enc": [0.3000747784555957, 0.3294637627774777, 0.32137967895862113]}