{"micro": [0.3784636969484391, 0.3591722202735882, 0.4875482286916871, 0.4875482286916871], "macro": [0.3540092300951409, 0.3335084610953185, 0.4812552333846467, 0.4812552333846467], "weighted": [0.3147890031588733, 0.27552166811153084, 0.46819448734144054, 0.46819448734144054], "test_loss": [1.0292756644041179, 1.1783452277076978, 0.7047747105526525, 0.7030628328549795]}