{"micro": [0.3784636969484391, 0.43703963521571376, 0.49947386881795863, 0.49947386881795863], "macro": [0.3540092300951409, 0.42949714070201644, 0.4873526923070135, 0.4873526923070135], "weighted": [0.3147890031588733, 0.39623276838338445, 0.4853382280827739, 0.4853382280827739], "test_loss": [1.0304425518605962, 0.8791730661964949, 0.7372893294808585, 0.7361787214625481]}