{"micro": [0.47527183444405474, 0.44510698000701515, 0.4696597685022799, 0.4696597685022799], "macro": [0.4860679743271466, 0.4632069558517218, 0.48192500806480565, 0.48192500806480565], "weighted": [0.4725521464399597, 0.44222317321825716, 0.46800166046833336, 0.46800166046833336], "test_loss": [0.773748054517714, 0.8280093190390304, 0.796159053481491, 0.7925084276572286]}