{"micro": [0.8267274640477026, 0.8253244475622589, 0.8225184145913714, 0.8225184145913714], "macro": [0.8261760543412829, 0.824184827592194, 0.821196346044577, 0.821196346044577], "weighted": [0.8261227767559728, 0.8241330742733014, 0.8211440247326425, 0.8211440247326425], "val_loss": [0.32073013236038594, 0.3539850144977447, 0.35964942747218454, 0.35964942747218454], "train_disc": [0.7122418920421068, 0.6730540364814204, 0.6317432386249138], "train_gen": [0.7483878009146152, 0.8491089307396106, 0.8729764652651781], "train_class": [0.21521711563847584, 0.19177386060606835, 0.2045640777276215], "train_enc": [0.32185125817133725, 0.3232408791946965, 0.3382465601300394]}