{"micro": [0.3784636969484391, 0.40722553490003505, 0.43668888109435283, 0.43668888109435283], "macro": [0.3540092300951409, 0.3955523917568536, 0.4280697223163914, 0.4280697223163914], "weighted": [0.3147890031588733, 0.34933234068877134, 0.3979547603238886, 0.3979547603238886], "test_loss": [1.032981267854488, 0.9787105641551523, 0.8505749983827495, 0.8498885318553647]}