{"micro": [0.6997544721150474, 0.7085233251490705, 0.7053665380568221, 0.7053665380568221], "macro": [0.6931758362766917, 0.7021195581646716, 0.6978957294810813, 0.6978957294810813], "weighted": [0.6931183930719089, 0.7020563929861201, 0.6978327058966719, 0.6978327058966719], "val_loss": [0.5320886152083647, 0.5128557069133447, 0.508823200352698, 0.508823200352698], "train_disc": [0.7057196567844413, 0.6605372785189965, 0.6312025062864719], "train_gen": [0.6378379181110659, 0.7810467238532764, 0.7842105850161121], "train_class": [0.13028108719840395, 0.12484519356372636, 0.12127960440000342], "train_enc": [0.2825481433775172, 0.3217056606734931, 0.32015890673885133]}