{"micro": [0.701508242721852, 0.7183444405471764, 0.7151876534549281, 0.7151876534549281], "macro": [0.6947351292331874, 0.7102182185487139, 0.7084322605581864, 0.7084322605581864], "weighted": [0.6946822791009758, 0.7101520105637257, 0.7083719587252814, 0.7083719587252814], "val_loss": [0.5385649851081091, 0.49953341732769374, 0.5027434636927184, 0.5027434636927184], "train_disc": [0.7640365621897095, 0.7367755247893946, 0.6886949299434044], "train_gen": [0.5044445830017494, 0.7261958631723286, 0.7573848043740129], "train_class": [0.1554224429516819, 0.14353195274009384, 0.13625482374063416], "train_enc": [0.3299335124772354, 0.4348639094962754, 0.4468198122258959]}