{"micro": [0.3784636969484391, 0.4103823219922834, 0.44580848824973696, 0.44580848824973696], "macro": [0.3540092300951409, 0.39824367348899276, 0.4353112683073273, 0.4353112683073273], "weighted": [0.3147890031588733, 0.3581324281737612, 0.4140008094260405, 0.4140008094260405], "test_loss": [1.0327288711537197, 0.9892861981298671, 0.8476439892579724, 0.8523960566387496]}