{"micro": [0.8267274640477026, 0.819712381620484, 0.820063135741845, 0.820063135741845], "macro": [0.8261760543412829, 0.8189724940742878, 0.8186877523372716, 0.8186877523372716], "weighted": [0.8261227767559728, 0.8189175720708215, 0.8186340652338887, 0.8186340652338887], "val_loss": [0.32073013236038594, 0.34564117146278706, 0.36626888244957845, 0.36626888244957845], "train_disc": [0.6701147816034668, 0.6465379059647715, 0.6214058299304387], "train_gen": [0.7361343266577695, 0.8487556340308163, 0.8736327809994447], "train_class": [0.22256501460208572, 0.18324957951622386, 0.18199716991219442], "train_enc": [0.32527888262405075, 0.31635079695192797, 0.32032429797356354]}