{"micro": [0.8207646439845668, 0.8183093651350404, 0.815503332164153, 0.815503332164153], "macro": [0.8214055185004917, 0.8189624989647966, 0.8167451515491635, 0.8167451515491635], "weighted": [0.821354016835075, 0.818912946175575, 0.8166914192442196, 0.8166914192442196], "val_loss": [0.313386614543032, 0.32502535103876196, 0.3295084262906064, 0.3295084262906064], "train_disc": [0.7051516824594423, 0.6732312887074561, 0.6471657952782828], "train_gen": [0.7221048780659723, 0.7487060717364263, 0.7631757988610082], "train_class": [0.10997671196913586, 0.10923098697842167, 0.1069241890569306], "train_enc": [0.23240235064948736, 0.23712600792586472, 0.2381745155630165]}