{"micro": [0.47527183444405474, 0.4686075061381971, 0.4970185899684321, 0.4970185899684321], "macro": [0.4860679743271466, 0.4732779084850336, 0.49994863917444565, 0.49994863917444565], "weighted": [0.4725521464399597, 0.4498702395973713, 0.4934913551314814, 0.4934913551314814], "test_loss": [0.7715181956411074, 0.8529240592231964, 0.748855780789306, 0.7441023601500015]}