{"micro": [0.8267274640477026, 0.8225184145913714, 0.8193616274991231, 0.8193616274991231], "macro": [0.8261760543412829, 0.8214893278615273, 0.8181298186436418, 0.8181298186436418], "weighted": [0.8261227767559728, 0.82143709252894, 0.818075174907277, 0.818075174907277], "val_loss": [0.32073013236038594, 0.35495583307812273, 0.36623574452872737, 0.36623574452872737], "train_disc": [0.6595112345072144, 0.6398497310430644, 0.633385783134226], "train_gen": [0.7500162530877736, 0.8479613095688421, 0.8353283302078034], "train_class": [0.23243969004580428, 0.21955227543854847, 0.2220316473082457], "train_enc": [0.43947032843222167, 0.470915900095881, 0.46735033276360793]}