{"micro": [0.3784636969484391, 0.37565766397755174, 0.4573833742546475, 0.4573833742546475], "macro": [0.3540092300951409, 0.3558921202928227, 0.45027940104444086, 0.45027940104444086], "weighted": [0.3147890031588733, 0.2957005276357491, 0.42781058144606965, 0.42781058144606965], "test_loss": [1.0324930014224025, 1.1577452066557368, 0.7882195304891917, 0.7861992751752864]}