{"micro": [0.8207646439845668, 0.8221676604700107, 0.8148018239214311, 0.8148018239214311], "macro": [0.8214055185004917, 0.8233933165736538, 0.8153674126570846, 0.8153674126570846], "weighted": [0.821354016835075, 0.8233432284574322, 0.8153125993882578, 0.8153125993882578], "val_loss": [0.313386614543032, 0.31898467717679246, 0.3424184269371947, 0.3424184269371947], "train_disc": [0.7141109804867366, 0.6909799755618559, 0.6688222252456836], "train_gen": [0.6079505175851577, 0.6993368764163396, 0.7140604220955066], "train_class": [0.05530655665541661, 0.0595973677875984, 0.0638808439792701], "train_enc": [0.27636414633116907, 0.3154931781012253, 0.3239526838563674]}