{"micro": [0.8267274640477026, 0.8239214310768151, 0.8193616274991231, 0.8193616274991231], "macro": [0.8261760543412829, 0.8230846576886459, 0.8186290622780336, 0.8186290622780336], "weighted": [0.8261227767559728, 0.8230326475733231, 0.8185744736641454, 0.8185744736641454], "val_loss": [0.32073013236038594, 0.3364105219822689, 0.33844571034411, 0.33844571034411], "train_disc": [0.7124441935363428, 0.6834752885988971, 0.6672385494802251], "train_gen": [0.625363461465143, 0.7587339062264512, 0.7631686912568588], "train_class": [0.060499058032210645, 0.061945220179772574, 0.06194743475429298], "train_enc": [0.22995838547885086, 0.2709818346706849, 0.2723138205831943]}