{"micro": [0.4914065240266573, 0.5078919677306208, 0.5215713784636969, 0.5215713784636969], "macro": [0.48967456389079267, 0.507293911907073, 0.5202908786291133, 0.5202908786291133], "weighted": [0.4652464476200861, 0.48872916327935517, 0.5054392895619296, 0.5054392895619296], "test_loss": [0.694232303004025, 0.6590181344381257, 0.6433641139688439, 0.6421054744853654]}