{"micro": [0.8207646439845668, 0.8172571027709575, 0.8158540862855138, 0.8158540862855138], "macro": [0.8214055185004917, 0.8184932220400546, 0.8166674791797662, 0.8166674791797662], "weighted": [0.821354016835075, 0.8184409738808595, 0.8166129702397376, 0.8166129702397376], "val_loss": [0.313386614543032, 0.32789167750974096, 0.3425722813891252, 0.3425722813891252], "train_disc": [0.6621324732982913, 0.6498752562693377, 0.639073460794694], "train_gen": [0.7484927896680779, 0.7779346331537769, 0.7884282642902609], "train_class": [0.19949302451903594, 0.19466684721202157, 0.19125273715517374], "train_enc": [0.30929298207746536, 0.3113204091787338, 0.3106878482263181]}