{"micro": [0.701508242721852, 0.7169414240617327, 0.7176429323044545, 0.7176429323044545], "macro": [0.6947351292331874, 0.7085098298857724, 0.7109183527925506, 0.7109183527925506], "weighted": [0.6946822791009758, 0.7084433884515559, 0.7108565130906503, 0.7108565130906503], "val_loss": [0.5385649851081091, 0.5004771897184283, 0.4973745216620701, 0.4973745216620701], "train_disc": [0.7014339586209984, 0.6727577138213472, 0.6587290500795375], "train_gen": [0.6152352247824217, 0.753216799078041, 0.7633836269378662], "train_class": [0.1030331522788249, 0.09128893683950662, 0.0933990956976094], "train_enc": [0.20547357076706166, 0.22367451460667828, 0.22739600544202263]}