{"micro": [0.39775517362329005, 0.35741844966678354, 0.41774815854086284, 0.41774815854086284], "macro": [0.3800777319372415, 0.3289634371910643, 0.4036181226407473, 0.4036181226407473], "weighted": [0.3387509008309848, 0.2695948176048904, 0.36875738926822665, 0.36875738926822665], "test_loss": [0.8428074043223311, 1.1036845652084777, 0.7622960344706168, 0.7636306159323154]}