{"micro": [0.4914065240266573, 0.5029814100315678, 0.531041739740442, 0.531041739740442], "macro": [0.48967456389079267, 0.501705733789393, 0.5267529232470273, 0.5267529232470273], "weighted": [0.4652464476200861, 0.48001865523724374, 0.5187765932083677, 0.5187765932083677], "test_loss": [0.6955996869995608, 0.678945592828303, 0.6177326895338197, 0.6171344909921038]}