{"micro": [0.3784636969484391, 0.38828481234654505, 0.43142756927393894, 0.43142756927393894], "macro": [0.3540092300951409, 0.3698762623267314, 0.419745225139282, 0.419745225139282], "weighted": [0.3147890031588733, 0.3200384993958384, 0.3927464105223459, 0.3927464105223459], "test_loss": [1.0320404126990441, 1.0379454711629026, 0.8510794503062797, 0.851600492300268]}