{"micro": [0.7670992634163452, 0.7706068046299545, 0.7663977551736232, 0.7663977551736232], "macro": [0.7647084873853517, 0.768883853827491, 0.7654044536828583, 0.7654044536828583], "weighted": [0.7646901074460154, 0.7688626519411146, 0.7653874001353089, 0.7653874001353089], "val_loss": [0.392251680443823, 0.3901995751361607, 0.4092554406538689, 0.4092554406538689], "train_disc": [0.6896496674867981, 0.6957502744717305, 0.6784436403040114], "train_gen": [0.6141272660074287, 0.6707814522295691, 0.7023328948953298], "train_class": [0.1494471410799293, 0.14850550024203082, 0.14945324148212732], "train_enc": [0.33531919870962645, 0.35741589172592375, 0.37060511295355897]}