{"micro": [0.8207646439845668, 0.8207646439845668, 0.815503332164153, 0.815503332164153], "macro": [0.8214055185004917, 0.821580116147924, 0.8160499574509772, 0.8160499574509772], "weighted": [0.821354016835075, 0.8215293896946841, 0.8159977006855127, 0.8159977006855127], "val_loss": [0.313386614543032, 0.33208536218484996, 0.3450077396356397, 0.3450077396356397], "train_disc": [0.7126424249324053, 0.6914555320526634, 0.6560131048357021], "train_gen": [0.6072884847997954, 0.6991260341425848, 0.7382894141714], "train_class": [0.2004825100510813, 0.19662319013443072, 0.1837779491640336], "train_enc": [0.36320490627315455, 0.39762433830586225, 0.40558254702131175]}