{"micro": [0.8267274640477026, 0.8218169063486496, 0.8211153981059277, 0.8211153981059277], "macro": [0.8261760543412829, 0.8205195447929484, 0.8202455477498946, 0.8202455477498946], "weighted": [0.8261227767559728, 0.8204648260150603, 0.8201887332846883, 0.8201887332846883], "val_loss": [0.32073013236038594, 0.3542876078522187, 0.34818466393701086, 0.34818466393701086], "train_disc": [0.6806556735624815, 0.6481954335500408, 0.6273740060502591], "train_gen": [0.6857706821164605, 0.8242070288631503, 0.8447604655553509], "train_class": [0.12020877731037873, 0.1260562797997917, 0.11575061410623888], "train_enc": [0.23332116274194345, 0.2656864346572141, 0.2615525882337346]}