{"micro": [0.39775517362329005, 0.4188004209049456, 0.4342336022448264, 0.4342336022448264], "macro": [0.3800777319372415, 0.40555820840948303, 0.42273137418857937, 0.42273137418857937], "weighted": [0.3387509008309848, 0.35925202833683473, 0.3869699244990505, 0.3869699244990505], "test_loss": [0.8409148232397421, 0.8049624430733686, 0.7492179787358758, 0.7511592677185656]}