{"micro": [0.6997544721150474, 0.7078218169063485, 0.7043142756927394, 0.7043142756927394], "macro": [0.6931758362766917, 0.7009948526942953, 0.6975213579272029, 0.6975213579272029], "weighted": [0.6931183930719089, 0.7009307098238678, 0.6974583259534096, 0.6974583259534096], "val_loss": [0.5320886152083647, 0.5110667199728876, 0.5204202569396802, 0.5204202569396802], "train_disc": [0.685201522358303, 0.6687697598388075, 0.646195831911524], "train_gen": [0.6136834977725365, 0.7190539154260518, 0.7416870687260974], "train_class": [0.08381273144824877, 0.07754013970411024, 0.07460888216074285], "train_enc": [0.18978688786815665, 0.2058428984614058, 0.20802452461013582]}