{"micro": [0.6938077317824153, 0.6989394457748889, 0.6975709887102293, 0.6975709887102293], "macro": [0.47101574688479825, 0.4353816500110977, 0.47176721481532025, 0.47176721481532025], "weighted": [0.6738410817555902, 0.6526181481867364, 0.6724366376361013, 0.6724366376361013], "test_loss": [0.5463274036193154, 0.6130223238403029, 0.5653911627869789, 0.5650381465020076]}