{"micro": [0.7020184741703729, 0.7033869312350325, 0.6329113924050633, 0.6329113924050633], "macro": [0.47987264207876407, 0.47951743359274496, 0.4727713680011983, 0.4727713680011983], "weighted": [0.6879935505302346, 0.6865855260001628, 0.6500354954742671, 0.6500354954742671], "test_loss": [0.5184269056456988, 0.5757725705988095, 0.5655489598548478, 0.5661333113745913]}