{"micro": [0.7020184741703729, 0.7033869312350325, 0.6852548751282929, 0.6852548751282929], "macro": [0.47987264207876407, 0.4768424931756941, 0.48279541172987317, 0.48279541172987317], "weighted": [0.6879935505302346, 0.6866521529958026, 0.6804757692400447, 0.6804757692400447], "test_loss": [0.519597629054648, 0.5717399458660454, 0.5447620736445234, 0.5454942766841644]}