{"micro": [0.7020184741703729, 0.7092028737598357, 0.6886760177899418, 0.6886760177899418], "macro": [0.47987264207876407, 0.4753609103600662, 0.47761373289177245, 0.47761373289177245], "weighted": [0.6879935505302346, 0.6869819196720692, 0.680594816509407, 0.680594816509407], "test_loss": [0.5193972307883326, 0.5854227785529986, 0.5482671219509482, 0.5476470704857117]}