{"micro": [0.6938077317824153, 0.6992815600410537, 0.6130687649674992, 0.6130687649674992], "macro": [0.47101574688479825, 0.4508491484865685, 0.46581474115361204, 0.46581474115361204], "weighted": [0.6738410817555902, 0.6729147307000668, 0.638235959259994, 0.638235959259994], "test_loss": [0.5462299431852304, 0.4681453028581833, 0.5151093850940303, 0.5157340810598572]}