{"micro": [0.6938077317824153, 0.6996236743072186, 0.6931235032500855, 0.6931235032500855], "macro": [0.47101574688479825, 0.4493034995514158, 0.46797009345417556, 0.46797009345417556], "weighted": [0.6738410817555902, 0.6621536314202221, 0.6722912513185725, 0.6722912513185725], "test_loss": [0.5462607731075724, 0.5857309703537024, 0.5659800538681244, 0.5651326413098418]}