{"micro": [0.6989394457748889, 0.7033869312350325, 0.6992815600410537, 0.6992815600410537], "macro": [0.49021593064439434, 0.47280264921497217, 0.5050526017310497, 0.5050526017310497], "weighted": [0.6785865589710072, 0.6727781249001515, 0.6857762052109858, 0.6857762052109858], "test_loss": [0.47210193071209017, 0.5032116704788364, 0.46521562085451323, 0.4654477875007958]}