{"micro": [0.6455696202531646, 0.6216216216216216, 0.5959630516592542, 0.5959630516592542], "macro": [0.4603235866924953, 0.4530124045551222, 0.44295502582106944, 0.44295502582106944], "weighted": [0.6517684172306123, 0.6380966312321443, 0.6198509807051154, 0.6198509807051154], "test_loss": [0.5311793623889078, 0.5699223714773772, 0.5853531716869829, 0.5866820580972348]}