{"micro": [0.7769857433808554, 0.7688391038696537, 0.7729124236252546, 0.7729124236252546], "macro": [0.744721665070213, 0.7285450079809799, 0.7356250211343468, 0.7356250211343468], "weighted": [0.7724612669587242, 0.7609354503671726, 0.7663265356419315, 0.7663265356419315], "val_loss": [0.29120762934607847, 0.2992798678817288, 0.29771644441831496, 0.29771644441831496], "train_disc": [0.7075565620198276, 0.6509577101045619, 0.6197403708442313], "train_gen": [0.5817134647421498, 0.8385356827511814, 0.8583022981393532], "train_class": [0.08176353476086601, 0.08024904131889343, 0.08582209365167578], "train_enc": [0.18175352376992585, 0.23190637380698992, 0.24031814004554122]}