{"micro": [0.6989394457748889, 0.6900444748546014, 0.6383852206637016, 0.6383852206637016], "macro": [0.49021593064439434, 0.4914113586457842, 0.49852980298208066, 0.49852980298208066], "weighted": [0.6785865589710072, 0.6834861049169442, 0.6568110677907274, 0.6568110677907274], "test_loss": [0.4717659773152383, 0.44545347772823657, 0.49346946749856563, 0.4935929639254763]}