{"micro": [0.8210742387957578, 0.8183373246664386, 0.8197057817310982, 0.8197057817310982], "macro": [0.821771529185233, 0.8190020312477057, 0.8205890603173004, 0.8205890603173004], "weighted": [0.8217216417879083, 0.8189512048937683, 0.8205382697555962, 0.8205382697555962], "val_loss": [0.31205994419529626, 0.33998838992588365, 0.33577855646895255, 0.33577855646895255], "train_disc": [0.6978756404313885, 0.664646968815496, 0.6489191221409156], "train_gen": [0.6659092544857922, 0.814952827542206, 0.8343021902230268], "train_class": [0.1788175917876874, 0.16566945081118678, 0.16953098985666787], "train_enc": [0.27623592992949353, 0.29552613247613435, 0.30248523450614323]}