{"micro": [0.7881873727087576, 0.785132382892057, 0.780040733197556, 0.780040733197556], "macro": [0.7680224537367395, 0.7683713489671291, 0.7637532910872852, 0.7637532910872852], "weighted": [0.7880724454480638, 0.7858135441560826, 0.781163541580078, 0.781163541580078], "val_loss": [0.3199317022677391, 0.3449956406388552, 0.33714243108707087, 0.33714243108707087], "train_disc": [0.7170403726765366, 0.6748279209345416, 0.6539766417175042], "train_gen": [0.5175748206878621, 0.7590154194440998, 0.8280803740350275], "train_class": [0.1308770785769804, 0.14227495678379887, 0.15456610865117423], "train_enc": [0.32422594897082596, 0.45064518800198705, 0.49132323981634257]}