{"micro": [0.7881873727087576, 0.7769857433808554, 0.7892057026476579, 0.7892057026476579], "macro": [0.7680224537367395, 0.7617862389476929, 0.7702529206035303, 0.7702529206035303], "weighted": [0.7880724454480638, 0.7775255294441609, 0.7889140864108111, 0.7889140864108111], "val_loss": [0.3199317022677391, 0.3581478047755457, 0.34116988929529346, 0.34116988929529346], "train_disc": [0.7834736366089576, 0.6884261210108064, 0.6085859473611488], "train_gen": [0.5597202688292727, 0.796492574319162, 0.860821122354497], "train_class": [0.12881302984197282, 0.11569962973192416, 0.12324493643038911], "train_enc": [0.2580852062324357, 0.31993752033984074, 0.3445178013030297]}