{"micro": [0.7071501881628464, 0.7146767020184743, 0.7081765309613409, 0.7081765309613409], "macro": [0.45458670308793897, 0.43556513603574826, 0.44534974733177074, 0.44534974733177074], "weighted": [0.6819261457449173, 0.6766002820748037, 0.6794356809388582, 0.6794356809388582], "test_loss": [0.5006360191790784, 0.5779956449739269, 0.5342695688818647, 0.5330757148604576]}