{"micro": [0.7020184741703729, 0.7006500171057133, 0.674649332877181, 0.674649332877181], "macro": [0.47987264207876407, 0.4702884188567973, 0.48048771047214567, 0.48048771047214567], "weighted": [0.6879935505302346, 0.6839060084135655, 0.6755567433454537, 0.6755567433454537], "test_loss": [0.5189295527550692, 0.5736863695370044, 0.5476996753710867, 0.5480644592984778]}