{"micro": [0.6989394457748889, 0.7074923024290114, 0.701676359904208, 0.701676359904208], "macro": [0.49021593064439434, 0.464088146080662, 0.4994183553114091, 0.4994183553114091], "weighted": [0.6785865589710072, 0.6691063817451977, 0.6845795762416496, 0.6845795762416496], "test_loss": [0.4723553714937851, 0.5062450051022683, 0.4442938845502874, 0.4433329707530678]}