{"micro": [0.6989394457748889, 0.6992815600410537, 0.6951761888470749, 0.6951761888470749], "macro": [0.49021593064439434, 0.4659740157838881, 0.4952232381155543, 0.4952232381155543], "weighted": [0.6785865589710072, 0.6704697241418196, 0.6834319913210642, 0.6834319913210642], "test_loss": [0.4716423727531251, 0.4849713921465509, 0.4547689015992352, 0.4562458223332473]}