{"micro": [0.7769857433808554, 0.7780040733197556, 0.780040733197556, 0.780040733197556], "macro": [0.744721665070213, 0.7430179354374058, 0.7456140261869209, 0.7456140261869209], "weighted": [0.7724612669587242, 0.7713533161508243, 0.7739163346874408, 0.7739163346874408], "val_loss": [0.29120762934607847, 0.30496034879357586, 0.29919700973456903, 0.29919700973456903], "train_disc": [0.6903332019112801, 0.6443308981064239, 0.6531812564922812], "train_gen": [0.7402153839179075, 0.8521695540902393, 0.8355094663432387], "train_class": [0.12191893740511331, 0.14419625424703614, 0.14276956288459522], "train_enc": [0.3692375250527116, 0.4273855840899254, 0.41986553265097365]}