{"micro": [0.7881873727087576, 0.7759674134419552, 0.7759674134419552, 0.7759674134419552], "macro": [0.7680224537367395, 0.7604494971256094, 0.7611648305832172, 0.7611648305832172], "weighted": [0.7880724454480638, 0.7773643134202198, 0.7780239627677372, 0.7780239627677372], "val_loss": [0.3199317022677391, 0.3278277016455127, 0.31723932705579266, 0.31723932705579266], "train_disc": [0.6954540721054285, 0.7236529236934224, 0.673018531395438], "train_gen": [0.46159062440929516, 0.7360828789205499, 0.8069554736705425], "train_class": [0.06588119336103644, 0.08643885684591499, 0.09394720556021062], "train_enc": [0.26373590765103616, 0.41126086803081907, 0.45045133920315183]}