{"micro": [0.7020184741703729, 0.705097502565857, 0.6496749914471434, 0.6496749914471434], "macro": [0.47987264207876407, 0.46933773744808943, 0.47798829741686877, 0.47798829741686877], "weighted": [0.6879935505302346, 0.6831405989318504, 0.6611827341809258, 0.6611827341809258], "test_loss": [0.5198204024730484, 0.5604970143100277, 0.5266293756297378, 0.5264453129649488]}