{"micro": [0.7020184741703729, 0.7064659596305166, 0.7013342456380431, 0.7013342456380431], "macro": [0.47987264207876407, 0.4781980811831558, 0.47854475773895205, 0.47854475773895205], "weighted": [0.6879935505302346, 0.6876255645297877, 0.68641671170659, 0.68641671170659], "test_loss": [0.520599090743586, 0.5868380572545072, 0.574209701819498, 0.5760740792490745]}