{"micro": [0.6455696202531646, 0.6325692781388984, 0.5401984262743756, 0.5401984262743756], "macro": [0.4603235866924953, 0.4490809631000583, 0.4234941219810229, 0.4234941219810229], "weighted": [0.6517684172306123, 0.6442587098489521, 0.5774490986729931, 0.5774490986729931], "test_loss": [0.5297769952585788, 0.5790260357609212, 0.675864345633267, 0.6742270714272567]}