{"micro": [0.7881873727087576, 0.7861507128309573, 0.790224032586558, 0.790224032586558], "macro": [0.7680224537367395, 0.7696121823787369, 0.7731832185550468, 0.7731832185550468], "weighted": [0.7880724454480638, 0.7866483056360214, 0.7906757641930059, 0.7906757641930059], "val_loss": [0.3199317022677391, 0.33915845731333377, 0.3266241844863661, 0.3266241844863661], "train_disc": [0.6741508203126042, 0.6909267192329865, 0.6756245347320057], "train_gen": [0.6348391380466398, 0.7559855423989843, 0.7894917589719178], "train_class": [0.1003378067633819, 0.12009094182218684, 0.13627421302222165], "train_enc": [0.3675884728223248, 0.438038241179263, 0.4628829850199444]}