{"micro": [0.7881873727087576, 0.7892057026476579, 0.7871690427698574, 0.7871690427698574], "macro": [0.7680224537367395, 0.7719387782410526, 0.7698775343811269, 0.7698775343811269], "weighted": [0.7880724454480638, 0.7894732659891596, 0.7875366105362049, 0.7875366105362049], "val_loss": [0.3199317022677391, 0.3476587109748394, 0.33596863994194615, 0.33596863994194615], "train_disc": [0.7095878752854352, 0.6654356848346731, 0.6340830581761449], "train_gen": [0.6177981495857239, 0.8068589242429681, 0.8496768686289344], "train_class": [0.13872405768580776, 0.15717006124596777, 0.16249014199024342], "train_enc": [0.37826110251614303, 0.4820144927241112, 0.5060835050754859]}