{"micro": [0.8145740677386247, 0.8060212110845022, 0.8039685254875129, 0.8039685254875129], "macro": [0.8138608728929143, 0.8035933800059114, 0.8027216134067059, 0.8027216134067059], "weighted": [0.813808617847785, 0.8035410738315654, 0.8026698885604467, 0.8026698885604467], "val_loss": [0.33218599948014227, 0.39127891903865286, 0.37195041818961583, 0.37195041818961583], "train_disc": [0.645765297399844, 0.6488196844937372, 0.6885301894177505], "train_gen": [0.6025127569834391, 0.7810248025779516, 0.7658545762463346], "train_class": [0.11637569475369375, 0.12237060910772757, 0.12275712988008566], "train_enc": [0.3108305266646088, 0.38583229685741693, 0.37999611946403006]}