{"micro": [0.8080738966814915, 0.8077317824153267, 0.8049948682860075, 0.8049948682860075], "macro": [0.808120603332771, 0.807210681778245, 0.8049358403880721, 0.8049358403880721], "weighted": [0.80814324698154, 0.8072357508680116, 0.8049616513532681, 0.8049616513532681], "val_loss": [0.3577327486127615, 0.39148625521284475, 0.3870357745098042, 0.3870357745098042], "train_disc": [0.7317007581392924, 0.6870085294129419, 0.6546492446315745], "train_gen": [0.501504353486775, 0.8100024539916242, 0.8515375119740846], "train_class": [0.1781401827402128, 0.18195798779364492, 0.17761416403485125], "train_enc": [0.2751494381434279, 0.3703713350282992, 0.3797911775242436]}