{"micro": [0.8210742387957578, 0.8152582962709545, 0.816968867601779, 0.816968867601779], "macro": [0.821771529185233, 0.8163975922831441, 0.8179461550721548, 0.8179461550721548], "weighted": [0.8217216417879083, 0.8163452635816986, 0.8178955398844956, 0.8178955398844956], "val_loss": [0.31205994419529626, 0.3442514597195267, 0.3447859192984637, 0.3447859192984637], "train_disc": [0.6582928658183155, 0.6875803636722877, 0.6847108592752551], "train_gen": [0.7990345143881, 0.7631137107239395, 0.7653035019916263], "train_class": [0.21887421229335127, 0.20947191424545694, 0.20216787561692826], "train_enc": [0.508954363768218, 0.48629281299361765, 0.4837356888857044]}