{"micro": [0.6989394457748889, 0.6855969893944578, 0.6671228190215532, 0.6671228190215532], "macro": [0.49021593064439434, 0.5076499023787494, 0.513729507207768, 0.513729507207768], "weighted": [0.6785865589710072, 0.6834755151564655, 0.6754986731871706, 0.6754986731871706], "test_loss": [0.4714969109153487, 0.4307730196277952, 0.4531104661565009, 0.45303031903961316]}