{"micro": [0.7769857433808554, 0.7678207739307537, 0.7790224032586558, 0.7790224032586558], "macro": [0.744721665070213, 0.7278234469989505, 0.7435200805460949, 0.7435200805460949], "weighted": [0.7724612669587242, 0.7592452632049861, 0.7725926426464642, 0.7725926426464642], "val_loss": [0.29120762934607847, 0.303492127647323, 0.3016591152596858, 0.3016591152596858], "train_disc": [0.6768186786135689, 0.669981469710668, 0.7611577595517935], "train_gen": [0.5580691558415772, 0.6526256697099717, 0.6447156902219429], "train_class": [0.053646167175325214, 0.08334753194141908, 0.0886972847857762], "train_enc": [0.3058576618061691, 0.3679866010699767, 0.3667064888881204]}