{"micro": [0.6938077317824153, 0.6941498460485802, 0.6948340745809101, 0.6948340745809101], "macro": [0.47101574688479825, 0.44412274511176114, 0.4751348148290934, 0.4751348148290934], "weighted": [0.6738410817555902, 0.6581946760434888, 0.674558208769623, 0.674558208769623], "test_loss": [0.5462629067523231, 0.5900842809408414, 0.53818778756782, 0.5372630434690929]}