{"micro": [0.6455696202531646, 0.6702018474170373, 0.5292507697570988, 0.5292507697570988], "macro": [0.4603235866924953, 0.4447474036182671, 0.4264349934164077, 0.4264349934164077], "weighted": [0.6517684172306123, 0.6633873234485363, 0.5618592898772393, 0.5618592898772393], "test_loss": [0.5300998186153141, 0.5428378909337715, 0.5974410755223916, 0.5982538096077455]}