{"micro": [0.6989394457748889, 0.6989394457748889, 0.5778309955525145, 0.5778309955525145], "macro": [0.49021593064439434, 0.4846876523485779, 0.4699711094555455, 0.4699711094555455], "weighted": [0.6785865589710072, 0.6792414281413083, 0.6074031010384024, 0.6074031010384024], "test_loss": [0.47180352881143656, 0.4551580211992472, 0.5232937419837941, 0.5235444747033666]}