{"micro": [0.6938077317824153, 0.6907287033869313, 0.6654122476907287, 0.6654122476907287], "macro": [0.47101574688479825, 0.4666039124429826, 0.4780146910223813, 0.4780146910223813], "weighted": [0.6738410817555902, 0.6689255436182405, 0.6682898621510125, 0.6682898621510125], "test_loss": [0.5453303084998834, 0.5426624215772895, 0.4929775564519108, 0.49373482159578086]}