{"micro": [0.8145740677386247, 0.8073896681491618, 0.8084160109476565, 0.8084160109476565], "macro": [0.8138608728929143, 0.8052980621529008, 0.8065431482114654, 0.8065431482114654], "weighted": [0.813808617847785, 0.805243039078278, 0.8064894303514043, 0.8064894303514043], "val_loss": [0.33218599948014227, 0.3875226762217006, 0.3813212713897177, 0.3813212713897177], "train_disc": [0.6835321122831334, 0.6349683312770448, 0.6116969139198136], "train_gen": [0.647103393989834, 0.8713415854615592, 0.8860565831101006], "train_class": [0.18318079059811238, 0.16596382722014286, 0.16856516622861878], "train_enc": [0.32235757786719527, 0.37757716103981104, 0.38381259982051746]}