{"micro": [0.6455696202531646, 0.6397536777283612, 0.5826205952788232, 0.5826205952788232], "macro": [0.4603235866924953, 0.4548478891066406, 0.4416522411437909, 0.4416522411437909], "weighted": [0.6517684172306123, 0.64966132873409, 0.6102415988741423, 0.6102415988741423], "test_loss": [0.5312610417604446, 0.5801853659700175, 0.609329012980878, 0.6091969279480762]}