{"micro": [0.7071501881628464, 0.6975709887102293, 0.5887786520697913, 0.5887786520697913], "macro": [0.45458670308793897, 0.454117948271596, 0.43856070066842606, 0.43856070066842606], "weighted": [0.6819261457449173, 0.6759729983817188, 0.6133771677558095, 0.6133771677558095], "test_loss": [0.5009026325058415, 0.5163719263233122, 0.5548924767905897, 0.5542156867316512]}