{"micro": [0.7769857433808554, 0.7668024439918534, 0.7780040733197556, 0.7780040733197556], "macro": [0.744721665070213, 0.7227951389330802, 0.7405460995486685, 0.7405460995486685], "weighted": [0.7724612669587242, 0.7565140442997772, 0.7703711260804872, 0.7703711260804872], "val_loss": [0.29120762934607847, 0.31062613643946185, 0.3021756739866349, 0.3021756739866349], "train_disc": [0.7297413632517955, 0.6766671785891382, 0.6629385957952405], "train_gen": [0.5221413562858039, 0.7492787176794041, 0.8095582834358424], "train_class": [0.1269082780622068, 0.13543371192581666, 0.15342813713954445], "train_enc": [0.32452481610527456, 0.4423562148229672, 0.4814932100434121]}