{"micro": [0.7769857433808554, 0.7718940936863543, 0.7790224032586558, 0.7790224032586558], "macro": [0.744721665070213, 0.7331204575110052, 0.7428817470307564, 0.7428817470307564], "weighted": [0.7724612669587242, 0.7637385203632352, 0.7721226446826626, 0.7721226446826626], "val_loss": [0.29120762934607847, 0.3075964914694909, 0.30360121568364484, 0.30360121568364484], "train_disc": [0.7073268460445716, 0.635618458354408, 0.5832752929033478], "train_gen": [0.6553851743864882, 0.9199622690351934, 0.954865433153559], "train_class": [0.12536513158043877, 0.11720733377125746, 0.11011712338592185], "train_enc": [0.23136914468528144, 0.27775832644251525, 0.2790667906484969]}