{"micro": [0.8145740677386247, 0.806705439616832, 0.8084160109476565, 0.8084160109476565], "macro": [0.8138608728929143, 0.804608813253826, 0.8070284471775401, 0.8070284471775401], "weighted": [0.813808617847785, 0.8045557562740189, 0.8069746373618827, 0.8069746373618827], "val_loss": [0.33218599948014227, 0.3858903239511686, 0.3743865435034586, 0.3743865435034586], "train_disc": [0.6603164549082354, 0.6568962641752483, 0.6641533671181059], "train_gen": [0.7381095645206223, 0.858028850594505, 0.7893045166802537], "train_class": [0.20120074445269798, 0.20030954366173248, 0.20817536913632043], "train_enc": [0.4696551540184542, 0.5291691974538272, 0.49873994396683946]}