{"micro": [0.7020184741703729, 0.7133082449538146, 0.6866233321929525, 0.6866233321929525], "macro": [0.47987264207876407, 0.4668220815106592, 0.4752071058315462, 0.4752071058315462], "weighted": [0.6879935505302346, 0.6842991488340214, 0.6784183269302124, 0.6784183269302124], "test_loss": [0.5209870317065325, 0.5716401746323525, 0.491671075016423, 0.49185411903823983]}