{"micro": [0.7020184741703729, 0.7033869312350325, 0.6965446459117345, 0.6965446459117345], "macro": [0.47987264207876407, 0.4757552881132873, 0.47569814462504006, 0.47569814462504006], "weighted": [0.6879935505302346, 0.6857199172400325, 0.6827544650239807, 0.6827544650239807], "test_loss": [0.5187203959851968, 0.5786875899005783, 0.5654999297010442, 0.5668451911235441]}