{"micro": [0.8145740677386247, 0.8118371536093056, 0.8080738966814915, 0.8080738966814915], "macro": [0.8138608728929143, 0.810319862967157, 0.8061618860901248, 0.8061618860901248], "weighted": [0.813808617847785, 0.8102646657864582, 0.8061076858793955, 0.8061076858793955], "val_loss": [0.33218599948014227, 0.37058743251655557, 0.3719399537957309, 0.3719399537957309], "train_disc": [0.7639521445081534, 0.6975157755971606, 0.6398934682861703], "train_gen": [0.5056850064973362, 0.7948121467574698, 0.832432205234069], "train_class": [0.1127126846014639, 0.10629042772362467, 0.10441217724172795], "train_enc": [0.2306043859062299, 0.3128469509016621, 0.32281819507072534]}