{"micro": [0.8080738966814915, 0.807047553882997, 0.8036264112213479, 0.8036264112213479], "macro": [0.808120603332771, 0.8064423761962921, 0.804290467952096, 0.804290467952096], "weighted": [0.80814324698154, 0.806464802023741, 0.8043130273315924, 0.8043130273315924], "val_loss": [0.3577327486127615, 0.3633751789937457, 0.3571307057911744, 0.3571307057911744], "train_disc": [0.6805253999480785, 0.6770917340054539, 0.6751402460160802], "train_gen": [0.6524408482462982, 0.8028599854375496, 0.7842686961257392], "train_class": [0.06119452699347109, 0.05732096751510608, 0.058170114636237995], "train_enc": [0.23856843030843577, 0.2809826806594765, 0.2759996978311591]}