{"micro": [0.7881873727087576, 0.7892057026476579, 0.7871690427698574, 0.7871690427698574], "macro": [0.7680224537367395, 0.7704709660946291, 0.769926384461522, 0.769926384461522], "weighted": [0.7880724454480638, 0.7891112291066789, 0.7876573965592715, 0.7876573965592715], "val_loss": [0.3199317022677391, 0.34680129978204927, 0.3442376353327305, 0.3442376353327305], "train_disc": [0.695980435512105, 0.6509748944819299, 0.6060859155459483], "train_gen": [0.7088775351399281, 0.8515410371165458, 0.8872009163997212], "train_class": [0.1430821125421042, 0.1283659569389833, 0.1280046987240432], "train_enc": [0.2562412025172854, 0.2730009765084324, 0.27984394613510927]}