{"micro": [0.8145740677386247, 0.8039685254875129, 0.8043106397536778, 0.8043106397536778], "macro": [0.8138608728929143, 0.8014178034417506, 0.8030115153837502, 0.8030115153837502], "weighted": [0.813808617847785, 0.8013650955664481, 0.802957550028637, 0.802957550028637], "val_loss": [0.33218599948014227, 0.3835766361962719, 0.37166860883882463, 0.37166860883882463], "train_disc": [0.6488448283711418, 0.6524405880052535, 0.7141291508909131], "train_gen": [0.7827114834160102, 0.7624657430935428, 0.6940340797106425], "train_class": [0.11253393241942254, 0.13060631708857792, 0.13263512207347838], "train_enc": [0.44762270812128413, 0.446536030762834, 0.413334600749563]}