{"micro": [0.8080738966814915, 0.8108108108108109, 0.8060212110845022, 0.8060212110845022], "macro": [0.808120603332771, 0.8103160439754217, 0.8060124363478304, 0.8060124363478304], "weighted": [0.80814324698154, 0.8103379403131191, 0.8060369123903409, 0.8060369123903409], "val_loss": [0.3577327486127615, 0.3831146081141069, 0.3850908626502003, 0.3850908626502003], "train_disc": [0.6851118360060812, 0.6666432400870193, 0.6750901387037476], "train_gen": [0.7406672477070751, 0.847413632387672, 0.8010390397629451], "train_class": [0.20046948100048337, 0.2041190968510883, 0.20775873425716912], "train_enc": [0.47056836280666414, 0.5257663637236819, 0.5043988866232784]}