{"micro": [0.7881873727087576, 0.7820773930753564, 0.7769857433808554, 0.7769857433808554], "macro": [0.7680224537367395, 0.764906196741583, 0.7609727046434737, 0.7609727046434737], "weighted": [0.7880724454480638, 0.7820616224840977, 0.7778827775222653, 0.7778827775222653], "val_loss": [0.3199317022677391, 0.35053945945635917, 0.342116586203056, 0.342116586203056], "train_disc": [0.6759180025976212, 0.6403588067964127, 0.6330912438898139], "train_gen": [0.6812328324943292, 0.8124734133970543, 0.8414285909282705], "train_class": [0.13674935908184024, 0.1388266233757871, 0.1469316657205097], "train_enc": [0.3545427579697364, 0.4082853494446134, 0.424730444540743]}