{"micro": [0.6455696202531646, 0.6380431063975368, 0.5945945945945946, 0.5945945945945946], "macro": [0.4603235866924953, 0.4571008855459482, 0.4450984261616095, 0.4450984261616095], "weighted": [0.6517684172306123, 0.6480585322178541, 0.61936039258999, 0.61936039258999], "test_loss": [0.5301322876755657, 0.5556660942489007, 0.5622254647518117, 0.56179768246054]}