{"micro": [0.8210742387957578, 0.8179952104002737, 0.8166267533356141, 0.8166267533356141], "macro": [0.821771529185233, 0.818924546236436, 0.8173555761819614, 0.8173555761819614], "weighted": [0.8217216417879083, 0.8188760364384797, 0.8173048077073869, 0.8173048077073869], "val_loss": [0.31205994419529626, 0.3241749057174747, 0.33665924613959475, 0.33665924613959475], "train_disc": [0.6732386155206649, 0.672285011557282, 0.6616363932526177], "train_gen": [0.7310874579382725, 0.791694514738406, 0.8120678331031174], "train_class": [0.17372664595480825, 0.17780947074538372, 0.1669198429731072], "train_enc": [0.3409348962411203, 0.36197499059588534, 0.3604642486637407]}