{"micro": [0.8210742387957578, 0.8145740677386247, 0.8094423537461513, 0.8094423537461513], "macro": [0.821771529185233, 0.8145513765441726, 0.8115712303127119, 0.8115712303127119], "weighted": [0.8217216417879083, 0.8145007459039294, 0.8115235818194331, 0.8115235818194331], "val_loss": [0.31205994419529626, 0.33799440425036914, 0.3128818849844685, 0.3128818849844685], "train_disc": [0.7193934171577621, 0.7121475566931761, 0.6942160324972184], "train_gen": [0.5874811588415031, 0.7717968359019587, 0.7727451839082228], "train_class": [0.06323923548693702, 0.07579752454747919, 0.08012035891128694], "train_enc": [0.3253601984085281, 0.423797179440983, 0.4264327706209297]}