{"micro": [0.6989394457748889, 0.7068080738966815, 0.6958604173794047, 0.6958604173794047], "macro": [0.49021593064439434, 0.4932675394300527, 0.503080677401155, 0.503080677401155], "weighted": [0.6785865589710072, 0.6837221050024922, 0.6852722948496536, 0.6852722948496536], "test_loss": [0.471599339685642, 0.4871490562711257, 0.4573387434003783, 0.45784971504752103]}