{"micro": [0.8080738966814915, 0.806705439616832, 0.7923366404379063, 0.7923366404379063], "macro": [0.808120603332771, 0.806591989761181, 0.7942177596233098, 0.7942177596233098], "weighted": [0.80814324698154, 0.8066135694292323, 0.7942399398141274, 0.7942399398141274], "val_loss": [0.3577327486127615, 0.3483677212851214, 0.3644096777148423, 0.3644096777148423], "train_disc": [0.6589897522509424, 0.6850418653644499, 0.707780369969665], "train_gen": [0.6888412862527565, 0.6945872459906698, 0.6730689162113628], "train_class": [0.06649064441603389, 0.08075099415527504, 0.07790340996179425], "train_enc": [0.3776659654463575, 0.38766911984141406, 0.37548616430798515]}