{"micro": [0.7769857433808554, 0.7729124236252546, 0.7759674134419552, 0.7759674134419552], "macro": [0.744721665070213, 0.7381087937651779, 0.737582345262804, 0.737582345262804], "weighted": [0.7724612669587242, 0.7666450970848482, 0.7683920033563431, 0.7683920033563431], "val_loss": [0.29120762934607847, 0.3006019045508677, 0.2987829413144819, 0.2987829413144819], "train_disc": [0.6221993392933913, 0.6332035227551487, 0.6416470926316058], "train_gen": [0.7363315397272996, 0.8692660243784796, 0.8264700086390386], "train_class": [0.09333667497003013, 0.09004643956413035, 0.08731766393194433], "train_enc": [0.28623514219385676, 0.3238123229455427, 0.3090633755661751]}