{"micro": [0.7020184741703729, 0.7054396168320219, 0.6568593910366062, 0.6568593910366062], "macro": [0.47987264207876407, 0.4786650251451157, 0.47879673489587055, 0.47879673489587055], "weighted": [0.6879935505302346, 0.6870264638042405, 0.6651312562709306, 0.6651312562709306], "test_loss": [0.5189372596682095, 0.58437351931314, 0.5420406147674784, 0.5431802070043126]}