{"micro": [0.6938077317824153, 0.6958604173794047, 0.64385904892234, 0.64385904892234], "macro": [0.47101574688479825, 0.4628383092173273, 0.4669810977423022, 0.4669810977423022], "weighted": [0.6738410817555902, 0.6671374805053739, 0.6563433519866483, 0.6563433519866483], "test_loss": [0.5452242076722651, 0.5461673719981492, 0.5352871256773589, 0.5356140135497344]}