{"micro": [0.7071501881628464, 0.7081765309613409, 0.701676359904208, 0.701676359904208], "macro": [0.45458670308793897, 0.44405492587533324, 0.45271763599719356, 0.45271763599719356], "weighted": [0.6819261457449173, 0.6805496080020269, 0.6822410939636682, 0.6822410939636682], "test_loss": [0.5015036092429864, 0.5478384466892708, 0.5389991199872533, 0.539895686621223]}