{"micro": [0.7071501881628464, 0.711255559356825, 0.7006500171057133, 0.7006500171057133], "macro": [0.45458670308793897, 0.4396932047294218, 0.4527589056991972, 0.4527589056991972], "weighted": [0.6819261457449173, 0.6785644674028105, 0.6820732625713318, 0.6820732625713318], "test_loss": [0.5012614825954202, 0.5714559911500886, 0.5411309196964883, 0.5409865438368151]}