{"micro": [0.6938077317824153, 0.6955183031132398, 0.6797810468696545, 0.6797810468696545], "macro": [0.47101574688479825, 0.4639651563129375, 0.4814630972990397, 0.4814630972990397], "weighted": [0.6738410817555902, 0.6688375962066051, 0.6763627027262985, 0.6763627027262985], "test_loss": [0.5457861137886842, 0.5534299371021042, 0.542705129038115, 0.5422854607548219]}