{"micro": [0.8080738966814915, 0.8091002394799863, 0.806705439616832, 0.806705439616832], "macro": [0.808120603332771, 0.8084315230729208, 0.8071336297516488, 0.8071336297516488], "weighted": [0.80814324698154, 0.8084542879880773, 0.8071545246439312, 0.8071545246439312], "val_loss": [0.3577327486127615, 0.38419349870486746, 0.37050955086600423, 0.37050955086600423], "train_disc": [0.6693914024556269, 0.6726628603831015, 0.6836663338004566], "train_gen": [0.7042545529662586, 0.8332449184740828, 0.800281866977775], "train_class": [0.184070254650598, 0.19407169932061857, 0.1980413070834074], "train_enc": [0.44416240378807154, 0.5136583084291447, 0.4991615865725637]}