{"micro": [0.8080738966814915, 0.8049948682860075, 0.8056790968183373, 0.8056790968183373], "macro": [0.808120603332771, 0.8039287361728511, 0.8064210250960335, 0.8064210250960335], "weighted": [0.80814324698154, 0.8039505646398062, 0.8064423690005108, 0.8064423690005108], "val_loss": [0.3577327486127615, 0.3956979471869522, 0.3634627478227752, 0.3634627478227752], "train_disc": [0.7020117054220105, 0.6730842183196479, 0.6792931214707797], "train_gen": [0.640324934258487, 0.817510760221325, 0.7984838622515319], "train_class": [0.1218674330580267, 0.12191345385922109, 0.1295000897527067], "train_enc": [0.32925044106004014, 0.40015238425770744, 0.3970936071025869]}