{"micro": [0.6989394457748889, 0.7064659596305166, 0.6900444748546014, 0.6900444748546014], "macro": [0.49021593064439434, 0.45789109742113104, 0.5023011669367118, 0.5023011669367118], "weighted": [0.6785865589710072, 0.6686515373980274, 0.6855920720582014, 0.6855920720582014], "test_loss": [0.47189610245856434, 0.5158839126631536, 0.4510767547810664, 0.45066365982339684]}