{"micro": [0.8145740677386247, 0.8114950393431406, 0.807047553882997, 0.807047553882997], "macro": [0.8138608728929143, 0.8101430857769243, 0.8051566687719257, 0.8051566687719257], "weighted": [0.813808617847785, 0.8100899640096636, 0.805104107266712, 0.805104107266712], "val_loss": [0.33218599948014227, 0.3753365012575348, 0.38530485083723104, 0.38530485083723104], "train_disc": [0.7114323364580916, 0.6812946118943678, 0.6592969607785751], "train_gen": [0.5139181467353321, 0.8009049351749524, 0.8078181101976196], "train_class": [0.1958550789642855, 0.1952993322184177, 0.19379092166658307], "train_enc": [0.3548866116284021, 0.49810213306562495, 0.5008045135300017]}