{"micro": [0.6938077317824153, 0.6917550461854259, 0.6288060212110845, 0.6288060212110845], "macro": [0.47101574688479825, 0.46962348106294716, 0.4678294691388309, 0.4678294691388309], "weighted": [0.6738410817555902, 0.6705084557891933, 0.6488440428793917, 0.6488440428793917], "test_loss": [0.5452540389012769, 0.5450947154007975, 0.5551972168553723, 0.555157059121653]}