{"micro": [0.6989394457748889, 0.7023605884365378, 0.5699623674307218, 0.5699623674307218], "macro": [0.49021593064439434, 0.5038217918575865, 0.48482472121761555, 0.48482472121761555], "weighted": [0.6785865589710072, 0.6851642322306586, 0.6036729356254973, 0.6036729356254973], "test_loss": [0.47157332272640345, 0.47339653081255534, 0.5268731758894165, 0.5270455609905264]}