{"micro": [0.7071501881628464, 0.7054396168320219, 0.6633595620937394, 0.6633595620937394], "macro": [0.45458670308793897, 0.4443784345300849, 0.4507763064390841, 0.4507763064390841], "weighted": [0.6819261457449173, 0.6784167864785307, 0.6640337790374083, 0.6640337790374083], "test_loss": [0.5015371584745704, 0.5488069859928772, 0.5210056552877191, 0.5217838418451163]}