{"micro": [0.7071501881628464, 0.7033869312350325, 0.6832021895313034, 0.6832021895313034], "macro": [0.45458670308793897, 0.44210080723612677, 0.4556331498971375, 0.4556331498971375], "weighted": [0.6819261457449173, 0.6783173291888832, 0.6758993256734379, 0.6758993256734379], "test_loss": [0.5005240563527157, 0.5416297098326552, 0.5363150707196668, 0.5379617351000426]}