{"micro": [0.7071501881628464, 0.5100923708518645, 0.4485118029421827, 0.4485118029421827], "macro": [0.45458670308793897, 0.37544843738175465, 0.3717477657011939, 0.3717477657011939], "weighted": [0.6819261457449173, 0.5356945071484074, 0.4743458814608005, 0.4743458814608005], "test_loss": [0.501059047470653, 0.7018654440107241, 0.715094949378342, 0.7128665807142935]}