{"micro": [0.7769857433808554, 0.7708757637474541, 0.7708757637474541, 0.7708757637474541], "macro": [0.744721665070213, 0.7327109315008368, 0.73239662760647, 0.73239662760647], "weighted": [0.7724612669587242, 0.7629964711849919, 0.7635442703285084, 0.7635442703285084], "val_loss": [0.29120762934607847, 0.30525476978190486, 0.2993343569819004, 0.2993343569819004], "train_disc": [0.6585281751846355, 0.6545454856476497, 0.6837502489975893], "train_gen": [0.579664107391743, 0.7915296290741592, 0.7634812238437881], "train_class": [0.12472262359707734, 0.13242920451476925, 0.15558149767377988], "train_enc": [0.35219336598297285, 0.46197941687589134, 0.4595313599852265]}