{"micro": [0.8080738966814915, 0.8056790968183373, 0.8094423537461513, 0.8094423537461513], "macro": [0.808120603332771, 0.805093875936934, 0.809542672788126, 0.809542672788126], "weighted": [0.80814324698154, 0.8051158539752262, 0.8095658385905065, 0.8095658385905065], "val_loss": [0.3577327486127615, 0.3868927981226089, 0.3741640590813235, 0.3741640590813235], "train_disc": [0.7171120962809995, 0.6789714580025178, 0.6495412425265286], "train_gen": [0.5653280294983765, 0.8632383050162935, 0.8507071189541634], "train_class": [0.21221481915054424, 0.20736432034786934, 0.21575937000780157], "train_enc": [0.3887714263194246, 0.5353013128856492, 0.5332332447252638]}