{"micro": [0.8080738966814915, 0.8036264112213479, 0.8043106397536778, 0.8043106397536778], "macro": [0.808120603332771, 0.8026564354886091, 0.8038402795036504, 0.8038402795036504], "weighted": [0.80814324698154, 0.8026801124773724, 0.803867144930854, 0.803867144930854], "val_loss": [0.3577327486127615, 0.39417571633484194, 0.3893854065767688, 0.3893854065767688], "train_disc": [0.7058147296228044, 0.6605226547340226, 0.6418943781344617], "train_gen": [0.6729176959704831, 0.8818227687820059, 0.8908345927306212], "train_class": [0.20441084953605151, 0.19039792655025675, 0.19609837738868316], "train_enc": [0.3449629106319667, 0.3978253874948116, 0.4045192506469664]}