{"micro": [0.7769857433808554, 0.7718940936863543, 0.765784114052953, 0.765784114052953], "macro": [0.744721665070213, 0.7344140866202101, 0.7284616261046087, 0.7284616261046087], "weighted": [0.7724612669587242, 0.7646280452649672, 0.7590805808226505, 0.7590805808226505], "val_loss": [0.29120762934607847, 0.2985087055112085, 0.3002396379747698, 0.3002396379747698], "train_disc": [0.6397516489680347, 0.6732608648271509, 0.7048275356735688], "train_gen": [0.6052404368510012, 0.7188788245284492, 0.7992793422579114], "train_class": [0.05102633217685535, 0.07426839309128744, 0.08162979900205884], "train_enc": [0.2727119795611647, 0.33211257215080364, 0.3686896241753479]}