{"micro": [0.8145740677386247, 0.8077317824153267, 0.8114950393431406, 0.8114950393431406], "macro": [0.8138608728929143, 0.8055047499218073, 0.8098930826486321, 0.8098930826486321], "weighted": [0.813808617847785, 0.8054512009636755, 0.8098398590536944, 0.8098398590536944], "val_loss": [0.33218599948014227, 0.38323433132959234, 0.37252621422839843, 0.37252621422839843], "train_disc": [0.7439057771625415, 0.6615731491417182, 0.5943435222073331], "train_gen": [0.5960300792761839, 0.8950792261160136, 0.9344162996349439], "train_class": [0.1978916373572063, 0.1850217679932795, 0.17705743833154927], "train_enc": [0.3173331741263958, 0.398039015264459, 0.40426510621289735]}