{"micro": [0.8080738966814915, 0.8046527540198426, 0.8087581252138214, 0.8087581252138214], "macro": [0.808120603332771, 0.8040246164638885, 0.8088874980324047, 0.8088874980324047], "weighted": [0.80814324698154, 0.8040458447641482, 0.8089103055208261, 0.8089103055208261], "val_loss": [0.3577327486127615, 0.3746656659771714, 0.3537284998691391, 0.3537284998691391], "train_disc": [0.7439888793914045, 0.68783537677077, 0.6553098422582032], "train_gen": [0.6004408376464427, 0.8270996509353972, 0.832793914229492], "train_class": [0.05885182163815518, 0.0583788599192974, 0.05370777777696405], "train_enc": [0.16716962759612036, 0.2121230220534111, 0.20952500899632773]}