{"micro": [0.8210742387957578, 0.8166267533356141, 0.8149161820047895, 0.8149161820047895], "macro": [0.821771529185233, 0.8178302938688059, 0.8165465591050736, 0.8165465591050736], "weighted": [0.8217216417879083, 0.8177791901078789, 0.8164964130499781, 0.8164964130499781], "val_loss": [0.31205994419529626, 0.33095561653182237, 0.3103573626477292, 0.3103573626477292], "train_disc": [0.6923250920785581, 0.6778793461987229, 0.6798324330908353], "train_gen": [0.691300866708078, 0.7743084153842404, 0.7298085526690457], "train_class": [0.05457462928680286, 0.0605671134512729, 0.05898316995917611], "train_enc": [0.24559250897397109, 0.27468951266320024, 0.2602307933275817]}