{"micro": [0.7020184741703729, 0.7126240164214848, 0.691412931919261, 0.691412931919261], "macro": [0.47987264207876407, 0.4662884885377518, 0.4817120690166301, 0.4817120690166301], "weighted": [0.6879935505302346, 0.6831705652306241, 0.6819872142658329, 0.6819872142658329], "test_loss": [0.5204068952407993, 0.5907878938125946, 0.5117754693972608, 0.5108009630132243]}