{"micro": [0.7071501881628464, 0.7136503592199795, 0.6763599042080055, 0.6763599042080055], "macro": [0.45458670308793897, 0.43306546366135384, 0.45651141036718185, 0.45651141036718185], "weighted": [0.6819261457449173, 0.6738466026813539, 0.6728700726616303, 0.6728700726616303], "test_loss": [0.4997122096192967, 0.6227352003175053, 0.5303271059455767, 0.5286271937924331]}