{"micro": [0.8145740677386247, 0.8019158398905234, 0.8091002394799863, 0.8091002394799863], "macro": [0.8138608728929143, 0.7990356295899556, 0.8084630477447255, 0.8084630477447255], "weighted": [0.813808617847785, 0.7989796194107059, 0.8084095570650344, 0.8084095570650344], "val_loss": [0.33218599948014227, 0.4076726331822116, 0.34174571129814035, 0.34174571129814035], "train_disc": [0.7305344734035555, 0.7139852144679085, 0.6897358646809729], "train_gen": [0.4973717620138262, 0.7829505348466134, 0.7892337695496981], "train_class": [0.05989659956753091, 0.0580964774514238, 0.06736150703550688], "train_enc": [0.23488666882606152, 0.34803810943671265, 0.3561104202205366]}