{"micro": [0.7769857433808554, 0.7739307535641547, 0.7688391038696537, 0.7688391038696537], "macro": [0.744721665070213, 0.7429149975367381, 0.7321994053185795, 0.7321994053185795], "weighted": [0.7724612669587242, 0.7694155591006868, 0.761756954111911, 0.761756954111911], "val_loss": [0.29120762934607847, 0.30311047117556295, 0.2974158279117077, 0.2974158279117077], "train_disc": [0.7201839144764051, 0.6542654260585868, 0.649072228233671], "train_gen": [0.5688860416412354, 0.7751796232546614, 0.7913657931682191], "train_class": [0.05210036489237202, 0.05403215765362718, 0.05553833773878754], "train_enc": [0.20713607299197567, 0.2703764076278509, 0.2762865828848927]}