{"micro": [0.7769857433808554, 0.7759674134419552, 0.7718940936863543, 0.7718940936863543], "macro": [0.744721665070213, 0.7401787814631852, 0.7368027645817873, 0.7368027645817873], "weighted": [0.7724612669587242, 0.7692048977573744, 0.7656040916166333, 0.7656040916166333], "val_loss": [0.29120762934607847, 0.3051673588493178, 0.30365655306846867, 0.30365655306846867], "train_disc": [0.6653622515866013, 0.6526954799401955, 0.7199152698282336], "train_gen": [0.6975748330517545, 0.7240251022609857, 0.7269101888755631], "train_class": [0.1365143696629936, 0.17052344194119745, 0.17116405232682255], "train_enc": [0.4170446013166605, 0.44727427093057687, 0.4490371208047606]}