{"micro": [0.7020184741703729, 0.7157030448169689, 0.6801231611358194, 0.6801231611358194], "macro": [0.47987264207876407, 0.47116153748192335, 0.48434934946887614, 0.48434934946887614], "weighted": [0.6879935505302346, 0.6884518868044374, 0.6795767410338931, 0.6795767410338931], "test_loss": [0.520025012434506, 0.5986950628744448, 0.542062775053776, 0.5438318257449103]}