{"micro": [0.6989394457748889, 0.7047553882996921, 0.7033869312350325, 0.7033869312350325], "macro": [0.49021593064439434, 0.462701981247628, 0.5011365410203403, 0.5011365410203403], "weighted": [0.6785865589710072, 0.6702323593725499, 0.6858681752272574, 0.6858681752272574], "test_loss": [0.47150004484125824, 0.49665215536137747, 0.4655277588165523, 0.4672798809539425]}