{"micro": [0.8145740677386247, 0.8084160109476565, 0.8073896681491618, 0.8073896681491618], "macro": [0.8138608728929143, 0.8062184632883146, 0.8050465862206169, 0.8050465862206169], "weighted": [0.813808617847785, 0.8061672329396007, 0.8049920526325307, 0.8049920526325307], "val_loss": [0.33218599948014227, 0.38137800719136056, 0.38786987658167676, 0.38786987658167676], "train_disc": [0.6835521869972104, 0.6505837824826683, 0.6338034031169663], "train_gen": [0.7229256997994387, 0.8830929984811877, 0.8713819550686195], "train_class": [0.17357225585830668, 0.17303684048476767, 0.17433433340546864], "train_enc": [0.39331364257088125, 0.4570593151564155, 0.4531533947733582]}