{"micro": [0.6989394457748889, 0.7061238453643517, 0.6876496749914471, 0.6876496749914471], "macro": [0.49021593064439434, 0.48413939464852446, 0.4973301993653603, 0.4973301993653603], "weighted": [0.6785865589710072, 0.680004008387634, 0.6818548412515631, 0.6818548412515631], "test_loss": [0.47245896290071676, 0.4847885220021498, 0.43313982980987414, 0.43220209786312175]}