{"micro": [0.7071501881628464, 0.7167293876154637, 0.6985973315087239, 0.6985973315087239], "macro": [0.45458670308793897, 0.4405172911791386, 0.4443983120629625, 0.4443983120629625], "weighted": [0.6819261457449173, 0.677235183552936, 0.6750299623192486, 0.6750299623192486], "test_loss": [0.5014840396009183, 0.5962208341298207, 0.5426921201615386, 0.5407515710494557]}