{"micro": [0.8080738966814915, 0.8087581252138214, 0.8084160109476565, 0.8084160109476565], "macro": [0.808120603332771, 0.8084790842920196, 0.808094703954128, 0.808094703954128], "weighted": [0.80814324698154, 0.8085028764150031, 0.8081173759889276, 0.8081173759889276], "val_loss": [0.3577327486127615, 0.380696957447449, 0.3845800335284913, 0.3845800335284913], "train_disc": [0.7324041444095758, 0.6731805101118452, 0.6295842912679162], "train_gen": [0.6299865779980935, 0.8852529623469368, 0.9227677303585199], "train_class": [0.21311080704132715, 0.1921365903130646, 0.1862302331325135], "train_enc": [0.29648596748628253, 0.33075987006145746, 0.3335377378541915]}