{"micro": [0.8145740677386247, 0.8091002394799863, 0.806705439616832, 0.806705439616832], "macro": [0.8138608728929143, 0.8071372614945648, 0.8048637079693837, 0.8048637079693837], "weighted": [0.813808617847785, 0.8070841709693888, 0.8048083294567585, 0.8048083294567585], "val_loss": [0.33218599948014227, 0.38193099546790776, 0.3830088429175867, 0.3830088429175867], "train_disc": [0.6638947930492338, 0.6177441523374756, 0.5935985003012777], "train_gen": [0.7327855141436468, 0.9429473828096859, 0.9416387537138058], "train_class": [0.20477333835891035, 0.18877435648620455, 0.17773726531635217], "train_enc": [0.3103757795414638, 0.3396089676299382, 0.33051756936344295]}