{"micro": [0.7071501881628464, 0.7074923024290114, 0.6212795073554567, 0.6212795073554567], "macro": [0.45458670308793897, 0.4438271059179868, 0.43551739122607813, 0.43551739122607813], "weighted": [0.6819261457449173, 0.6799532189807046, 0.6355736028264147, 0.6355736028264147], "test_loss": [0.5013751398181655, 0.53486467348259, 0.5279675616266949, 0.526848547201339]}