{"micro": [0.6938077317824153, 0.6989394457748889, 0.6825179609989737, 0.6825179609989737], "macro": [0.47101574688479825, 0.4619487172417552, 0.4832671794287317, 0.4832671794287317], "weighted": [0.6738410817555902, 0.6667863614289756, 0.6778090270896184, 0.6778090270896184], "test_loss": [0.5453940451633735, 0.5701279398359236, 0.5405705220630912, 0.5404779144812152]}