{"micro": [0.7020184741703729, 0.6985973315087239, 0.6397536777283612, 0.6397536777283612], "macro": [0.47987264207876407, 0.47232610756151, 0.47241840070812074, 0.47241840070812074], "weighted": [0.6879935505302346, 0.6822629694821754, 0.6538458468995385, 0.6538458468995385], "test_loss": [0.5189648714028502, 0.5166638283863094, 0.5058680939706949, 0.5057687241115857]}