{"micro": [0.6938077317824153, 0.6979131029763941, 0.6893602463222717, 0.6893602463222717], "macro": [0.47101574688479825, 0.4477494480940454, 0.4707748469779838, 0.4707748469779838], "weighted": [0.6738410817555902, 0.6617603350474733, 0.6733158453402321, 0.6733158453402321], "test_loss": [0.5445263726545162, 0.5828716599794684, 0.5352883315110792, 0.5348457871971886]}