{"micro": [0.8145740677386247, 0.8111529250769757, 0.8128634964078002, 0.8128634964078002], "macro": [0.8138608728929143, 0.8092777967858825, 0.8117993562740745, 0.8117993562740745], "weighted": [0.813808617847785, 0.8092234750760169, 0.8117453893498364, 0.8117453893498364], "val_loss": [0.33218599948014227, 0.35842476302218407, 0.3395434440370608, 0.3395434440370608], "train_disc": [0.7213955873348674, 0.6903711153509838, 0.6316156758636725], "train_gen": [0.5237550953698289, 0.8086179195206022, 0.8409953358394852], "train_class": [0.05763404561674904, 0.0561927182019734, 0.058597523225420486], "train_enc": [0.15085825718980017, 0.2066777626999089, 0.2150770899702291]}