{"micro": [0.8145740677386247, 0.8121792678754705, 0.8077317824153267, 0.8077317824153267], "macro": [0.8138608728929143, 0.8108996249420702, 0.8056778926362572, 0.8056778926362572], "weighted": [0.813808617847785, 0.8108458821453414, 0.8056228307679218, 0.8056228307679218], "val_loss": [0.33218599948014227, 0.37593487471652526, 0.38413442062376874, 0.38413442062376874], "train_disc": [0.6688228435203677, 0.6280358409295317, 0.5814336886822852], "train_gen": [0.6513275927533217, 0.9470076166866906, 0.9782310496262514], "train_class": [0.19884999271461873, 0.17395453539783837, 0.16816326536116052], "train_enc": [0.289345518650253, 0.3285651571763669, 0.3301768284189245]}