{"micro": [0.6455696202531646, 0.6599384194320903, 0.6349640780020527, 0.6349640780020527], "macro": [0.4603235866924953, 0.45388807965739986, 0.4542841144350353, 0.4542841144350353], "weighted": [0.6517684172306123, 0.6585440508762929, 0.6456968561897835, 0.6456968561897835], "test_loss": [0.5307885465400467, 0.5864302847799057, 0.5773364600262355, 0.5790550032111464]}