{"micro": [0.6455696202531646, 0.6558330482381115, 0.6332535066712282, 0.6332535066712282], "macro": [0.4603235866924953, 0.45210986222602195, 0.4507821533579135, 0.4507821533579135], "weighted": [0.6517684172306123, 0.6562439926358872, 0.6444031936308892, 0.6444031936308892], "test_loss": [0.5305161817314846, 0.59087769243398, 0.5766538842453983, 0.5758392630867619]}