{"micro": [0.8210742387957578, 0.8179952104002737, 0.8193636674649333, 0.8193636674649333], "macro": [0.821771529185233, 0.8187849529850227, 0.820351324760098, 0.820351324760098], "weighted": [0.8217216417879083, 0.8187362720183982, 0.820302432938046, 0.820302432938046], "val_loss": [0.31205994419529626, 0.33977309692284613, 0.33690817391148725, 0.33690817391148725], "train_disc": [0.6674933010111741, 0.6664897213216687, 0.6658799983764607], "train_gen": [0.7805202059407051, 0.8375867608466435, 0.8166441327887155], "train_class": [0.21670444130571814, 0.21368387146074264, 0.19576998405117807], "train_enc": [0.38584917637168387, 0.4008547461749426, 0.38203223676629405]}