{"micro": [0.8145740677386247, 0.8046527540198426, 0.8108108108108109, 0.8108108108108109], "macro": [0.8138608728929143, 0.8036825139988882, 0.8111241127929033, 0.8111241127929033], "weighted": [0.813808617847785, 0.803632083331304, 0.811075831486023, 0.811075831486023], "val_loss": [0.33218599948014227, 0.3976929575647609, 0.3161651409063183, 0.3161651409063183], "train_disc": [0.6334011359292953, 0.7031241805175614, 0.737334021453649], "train_gen": [0.5599659026646223, 0.7537060129186495, 0.7354258670181525], "train_class": [0.07179572366055895, 0.08450362657303692, 0.09230426407821192], "train_enc": [0.3158808129081309, 0.41910482006646244, 0.41386506547693347]}