{"micro": [0.8210742387957578, 0.8179952104002737, 0.816968867601779, 0.816968867601779], "macro": [0.821771529185233, 0.8184743026675143, 0.8184494464044301, 0.8184494464044301], "weighted": [0.8217216417879083, 0.818424231231376, 0.8184006023591187, 0.8184006023591187], "val_loss": [0.31205994419529626, 0.336385243292389, 0.3230614743190385, 0.3230614743190385], "train_disc": [0.7003699733259899, 0.6835056357696409, 0.6789016954885806], "train_gen": [0.6271145366580109, 0.7814848686827988, 0.7716692624196329], "train_class": [0.12378336741624633, 0.11217064569230939, 0.1203900410747919], "train_enc": [0.3251158437930821, 0.37989634210294715, 0.3809017395712639]}