{"micro": [0.6938077317824153, 0.7009921313718782, 0.6944919603147451, 0.6944919603147451], "macro": [0.47101574688479825, 0.45949792456282373, 0.46746487973669987, 0.46746487973669987], "weighted": [0.6738410817555902, 0.6688375896524508, 0.671306296482264, 0.671306296482264], "test_loss": [0.5460318943760434, 0.5775342194027588, 0.5573205973525517, 0.5562807861410204]}