{"micro": [0.8145740677386247, 0.806705439616832, 0.8094423537461513, 0.8094423537461513], "macro": [0.8138608728929143, 0.8046534967272271, 0.8078162389343012, 0.8078162389343012], "weighted": [0.813808617847785, 0.8045969884416605, 0.8077591733674618, 0.8077591733674618], "val_loss": [0.33218599948014227, 0.37300844977182324, 0.35427017794041565, 0.35427017794041565], "train_disc": [0.7149652640024821, 0.6854394570074446, 0.6657384086827762], "train_gen": [0.5287928338585004, 0.8117610238940338, 0.8097646389502645], "train_class": [0.0630338867780208, 0.05563175171878331, 0.05451104207259547], "train_enc": [0.20276157631248723, 0.28247054320215526, 0.2810871306338597]}