{"micro": [0.6455696202531646, 0.6558330482381115, 0.5610673965104345, 0.5610673965104345], "macro": [0.4603235866924953, 0.4557711941437885, 0.4335734724152962, 0.4335734724152962], "weighted": [0.6517684172306123, 0.6571995036610495, 0.5921072425086301, 0.5921072425086301], "test_loss": [0.5301226653525086, 0.5473511436435042, 0.5607854189768515, 0.5616204237840214]}