{"micro": [0.7881873727087576, 0.784114052953157, 0.7861507128309573, 0.7861507128309573], "macro": [0.7680224537367395, 0.7676221317297639, 0.7696818123624843, 0.7696818123624843], "weighted": [0.7880724454480638, 0.7846470991054757, 0.7869659097914865, 0.7869659097914865], "val_loss": [0.3199317022677391, 0.35037760292330095, 0.34549930998154227, 0.34549930998154227], "train_disc": [0.6883159686958855, 0.6234086014208247, 0.5906055344909918], "train_gen": [0.57610561548035, 0.8509917962746542, 0.9039325948621406], "train_class": [0.13896246777613305, 0.12974482123317616, 0.12063199043518207], "train_enc": [0.22639110138833196, 0.2739942211433838, 0.277292116499338]}