{"micro": [0.7769857433808554, 0.7759674134419552, 0.7739307535641547, 0.7739307535641547], "macro": [0.744721665070213, 0.7421432189008064, 0.7373084058798346, 0.7373084058798346], "weighted": [0.7724612669587242, 0.7700718860234005, 0.7669567325313617, 0.7669567325313617], "val_loss": [0.29120762934607847, 0.30395971034323016, 0.30035035192005094, 0.30035035192005094], "train_disc": [0.6977247807497535, 0.633949770302069, 0.611980555650315], "train_gen": [0.6114348980898414, 0.8544894408007138, 0.8867465694093964], "train_class": [0.11967026603107896, 0.12333088860811432, 0.12170002572849149], "train_enc": [0.2671996609109347, 0.3426784636870108, 0.3512139979933129]}