{"micro": [0.7071501881628464, 0.7157030448169689, 0.708518645227506, 0.708518645227506], "macro": [0.45458670308793897, 0.4426556044015983, 0.4505518476724298, 0.4505518476724298], "weighted": [0.6819261457449173, 0.6811682034936496, 0.6811986901561087, 0.6811986901561087], "test_loss": [0.5011676335758198, 0.5622314764339416, 0.5517294958152407, 0.5511654499368589]}