{"micro": [0.6938077317824153, 0.6996236743072186, 0.6804652754019843, 0.6804652754019843], "macro": [0.47101574688479825, 0.4461686785330005, 0.4743718685728499, 0.4743718685728499], "weighted": [0.6738410817555902, 0.6564563193673856, 0.6710040012176751, 0.6710040012176751], "test_loss": [0.5464125643865984, 0.5848509233261718, 0.5255571392878808, 0.5255763227822351]}