{"micro": [0.6989394457748889, 0.7033869312350325, 0.6818337324666438, 0.6818337324666438], "macro": [0.49021593064439434, 0.4762844990304247, 0.5160786317745526, 0.5160786317745526], "weighted": [0.6785865589710072, 0.6666545511797866, 0.6846285037323482, 0.6846285037323482], "test_loss": [0.4718469247384801, 0.5294450843920473, 0.43373703781535716, 0.43415413882400167]}