{"micro": [0.8080738966814915, 0.8019158398905234, 0.8080738966814915, 0.8080738966814915], "macro": [0.808120603332771, 0.8009252413829073, 0.8082918535242948, 0.8082918535242948], "weighted": [0.80814324698154, 0.8009515044245513, 0.8083141497540807, 0.8083141497540807], "val_loss": [0.3577327486127615, 0.4053476403093301, 0.36970047328030803, 0.36970047328030803], "train_disc": [0.6871387704474027, 0.6461533568595927, 0.6437928305297601], "train_gen": [0.6486276863702659, 0.8679637970820151, 0.8636274266112698], "train_class": [0.20651197229903903, 0.20199231758632294, 0.2018539182271788], "train_enc": [0.339146691511889, 0.40178376843369074, 0.40038597681483284]}