{"micro": [0.7071501881628464, 0.7095449880260006, 0.7061238453643517, 0.7061238453643517], "macro": [0.45458670308793897, 0.41469183953586536, 0.4509268880072397, 0.4509268880072397], "weighted": [0.6819261457449173, 0.6669577370719169, 0.678916982126979, 0.678916982126979], "test_loss": [0.4994348838742151, 0.52928415054832, 0.5084546710685139, 0.5064210260256392]}