{"micro": [0.7769857433808554, 0.7688391038696537, 0.7729124236252546, 0.7729124236252546], "macro": [0.744721665070213, 0.7299162904804829, 0.7381083012997194, 0.7381083012997194], "weighted": [0.7724612669587242, 0.7609907652453779, 0.7670267504334004, 0.7670267504334004], "val_loss": [0.29120762934607847, 0.3038237305177796, 0.3000402949269741, 0.3000402949269741], "train_disc": [0.7092463514192509, 0.6467771745118939, 0.6579311532400997], "train_gen": [0.5507885360978341, 0.7749292374960061, 0.7877642297353901], "train_class": [0.11853651384838292, 0.12490553610393258, 0.13431283752204942], "train_enc": [0.29143732900176544, 0.3849150264849428, 0.3956934034498663]}