{"micro": [0.7769857433808554, 0.7718940936863543, 0.7708757637474541, 0.7708757637474541], "macro": [0.744721665070213, 0.7331710829358231, 0.7339009612880995, 0.7339009612880995], "weighted": [0.7724612669587242, 0.7642242956522869, 0.7638247561638108, 0.7638247561638108], "val_loss": [0.29120762934607847, 0.3039107797366957, 0.30328382755960187, 0.30328382755960187], "train_disc": [0.6378438726800387, 0.6106197343823688, 0.6130538820568981], "train_gen": [0.6975560797368242, 0.8623390516948178, 0.8784708966974353], "train_class": [0.11889690510887917, 0.12197552466653083, 0.11926237935495507], "train_enc": [0.234628745196947, 0.2700482338992624, 0.2711040893050491]}