{"micro": [0.6989394457748889, 0.7006500171057133, 0.6972288744440643, 0.6972288744440643], "macro": [0.49021593064439434, 0.4641471694945826, 0.4992237886362337, 0.4992237886362337], "weighted": [0.6785865589710072, 0.6716162771344075, 0.6846918967087678, 0.6846918967087678], "test_loss": [0.4724593728455038, 0.4895926688293942, 0.4597808662496629, 0.459094441083611]}