{"micro": [0.7020184741703729, 0.6948340745809101, 0.572699281560041, 0.572699281560041], "macro": [0.47987264207876407, 0.4819740084710265, 0.445051590080114, 0.445051590080114], "weighted": [0.6879935505302346, 0.6846859411918297, 0.6024785545094561, 0.6024785545094561], "test_loss": [0.5186425164097646, 0.49265295609098964, 0.5472092399668824, 0.5466934450662853]}