{"micro": [0.8210742387957578, 0.8162846390694491, 0.8176530961341087, 0.8176530961341087], "macro": [0.821771529185233, 0.8171899528822418, 0.8190457379500891, 0.8190457379500891], "weighted": [0.8217216417879083, 0.8171389073520242, 0.8189944825800285, 0.8189944825800285], "val_loss": [0.31205994419529626, 0.3406450314971471, 0.33142953189700597, 0.33142953189700597], "train_disc": [0.7588240937457058, 0.6946104976648841, 0.6545254356874143], "train_gen": [0.4995443008310808, 0.7957572966325478, 0.8173080116021828], "train_class": [0.2102703748504972, 0.20991043371906698, 0.2150325589492673], "train_enc": [0.32597995325515833, 0.4442491914079489, 0.4559427494885492]}