{"micro": [0.7071501881628464, 0.715360930550804, 0.7092028737598357, 0.7092028737598357], "macro": [0.45458670308793897, 0.43384748479272317, 0.44974804465151214, 0.44974804465151214], "weighted": [0.6819261457449173, 0.6757768426328986, 0.6826444921416855, 0.6826444921416855], "test_loss": [0.5013557544660047, 0.541202965329905, 0.47361180809189063, 0.4720076849388946]}