{"micro": [0.7881873727087576, 0.7892057026476579, 0.784114052953157, 0.784114052953157], "macro": [0.7680224537367395, 0.7709866864179543, 0.7666344282862031, 0.7666344282862031], "weighted": [0.7880724454480638, 0.7894745054333866, 0.7846559683479942, 0.7846559683479942], "val_loss": [0.3199317022677391, 0.3380771151954128, 0.33867227580518494, 0.33867227580518494], "train_disc": [0.6708442933572446, 0.6424018932821972, 0.6147264660707589], "train_gen": [0.7137738088441026, 0.8418065485407095, 0.8821092078594562], "train_class": [0.097798385184075, 0.08939171202806502, 0.08722007175897314], "train_enc": [0.22099347502156033, 0.2398746836055172, 0.24619790317256593]}