{"micro": [0.6989394457748889, 0.7044132740335272, 0.691412931919261, 0.691412931919261], "macro": [0.49021593064439434, 0.4541992951473606, 0.4995795589311627, 0.4995795589311627], "weighted": [0.6785865589710072, 0.6671726278242022, 0.6853631682227442, 0.6853631682227442], "test_loss": [0.4720507587402896, 0.5074774772030571, 0.45078112901559947, 0.4517708669513301]}