{"micro": [0.6455696202531646, 0.6527540198426275, 0.6390694491960315, 0.6390694491960315], "macro": [0.4603235866924953, 0.457532602436578, 0.4560825909712068, 0.4560825909712068], "weighted": [0.6517684172306123, 0.6556559886522229, 0.6483498952371575, 0.6483498952371575], "test_loss": [0.5309191016388721, 0.5675873859821121, 0.568623138744323, 0.5704750703250776]}