{"micro": [0.8080738966814915, 0.8053369825521723, 0.806705439616832, 0.806705439616832], "macro": [0.808120603332771, 0.8047252266268968, 0.806703701342434, 0.806703701342434], "weighted": [0.80814324698154, 0.8047518974242102, 0.8067275076902519, 0.8067275076902519], "val_loss": [0.3577327486127615, 0.3938388232169724, 0.376191536130007, 0.376191536130007], "train_disc": [0.7180388618688114, 0.6694822734822341, 0.6484077071231571], "train_gen": [0.6338965593139982, 0.8607170552503868, 0.8678967441366019], "train_class": [0.11459654698891392, 0.11073357459218776, 0.10983880953303451], "train_enc": [0.21845655273544332, 0.2607302755280271, 0.2614504013393746]}