{"micro": [0.7769857433808554, 0.7739307535641547, 0.7729124236252546, 0.7729124236252546], "macro": [0.744721665070213, 0.7358180396886742, 0.7367558032927425, 0.7367558032927425], "weighted": [0.7724612669587242, 0.7659435754279783, 0.7663534721415306, 0.7663534721415306], "val_loss": [0.29120762934607847, 0.30371144906647746, 0.29818424930976284, 0.29818424930976284], "train_disc": [0.6941478197040454, 0.636697274739625, 0.6072234179152817], "train_gen": [0.6318520851473991, 0.8479891754890401, 0.8781484082096913], "train_class": [0.11005476628089211, 0.11357709384762524, 0.10645679463861418], "train_enc": [0.21441423428840325, 0.26045951369355935, 0.2607951217173227]}