{"micro": [0.7071501881628464, 0.7184399589462881, 0.711255559356825, 0.711255559356825], "macro": [0.45458670308793897, 0.4433738990641291, 0.44323188980579725, 0.44323188980579725], "weighted": [0.6819261457449173, 0.6826252039884044, 0.6802711889027375, 0.6802711889027375], "test_loss": [0.5014642845900332, 0.5850921701538107, 0.563340086835981, 0.5642215620543136]}