{"micro": [0.6938077317824153, 0.698255217242559, 0.6920971604515909, 0.6920971604515909], "macro": [0.47101574688479825, 0.46108365652228317, 0.4643967235036495, 0.4643967235036495], "weighted": [0.6738410817555902, 0.6664321465468016, 0.6686015332171489, 0.6686015332171489], "test_loss": [0.546692216982607, 0.5881781284112096, 0.5686674134327414, 0.5682400525267658]}