{"micro": [0.6455696202531646, 0.5569620253164557, 0.5210400273691413, 0.5210400273691413], "macro": [0.4603235866924953, 0.42339118768009903, 0.41475770454720357, 0.41475770454720357], "weighted": [0.6517684172306123, 0.5882064579050496, 0.555818816254589, 0.555818816254589], "test_loss": [0.5308188445906822, 0.6262859838093565, 0.7020874225376733, 0.7021288299332551]}