{"micro": [0.8080738966814915, 0.8087581252138214, 0.8053369825521723, 0.8053369825521723], "macro": [0.808120603332771, 0.8084598484459624, 0.805326455860171, 0.805326455860171], "weighted": [0.80814324698154, 0.80848498584986, 0.805350812155847, 0.805350812155847], "val_loss": [0.3577327486127615, 0.3830081672443311, 0.381585487113665, 0.381585487113665], "train_disc": [0.7110015085486115, 0.6954170380785165, 0.6561935208534282], "train_gen": [0.5619684117413609, 0.8522610413572176, 0.8866714861223607], "train_class": [0.189662535700316, 0.18264263265771294, 0.18357940799877293], "train_enc": [0.338584893469602, 0.4504900084492939, 0.46481625157627254]}