{"micro": [0.8080738966814915, 0.8060212110845022, 0.800205268559699, 0.800205268559699], "macro": [0.808120603332771, 0.8057989770792071, 0.8020547359137867, 0.8020547359137867], "weighted": [0.80814324698154, 0.8058210819783179, 0.8020731037905436, 0.8020731037905436], "val_loss": [0.3577327486127615, 0.38357531515464105, 0.33846819082203783, 0.33846819082203783], "train_disc": [0.6648728573908571, 0.6636005464147349, 0.7136557164087973], "train_gen": [0.6463837275088159, 0.7762889542866275, 0.6889827254691411], "train_class": [0.06535428187865866, 0.06964451045591812, 0.07820739707517657], "train_enc": [0.2977660676983536, 0.35230229509984207, 0.3225175363769948]}