{"micro": [0.8145740677386247, 0.807047553882997, 0.810126582278481, 0.810126582278481], "macro": [0.8138608728929143, 0.8047815697885824, 0.8084820611918948, 0.8084820611918948], "weighted": [0.813808617847785, 0.8047278224307002, 0.8084292263733868, 0.8084292263733868], "val_loss": [0.33218599948014227, 0.37972100085293864, 0.3672625393583821, 0.3672625393583821], "train_disc": [0.6470348092376209, 0.6189562811877558, 0.6249134941179244], "train_gen": [0.7634693152917539, 0.8807158258443322, 0.865368613454162], "train_class": [0.11971068461654616, 0.104572631052283, 0.11394571249317276], "train_enc": [0.24846241586521023, 0.2598012742774734, 0.26423029707429185]}