{"micro": [0.7881873727087576, 0.7861507128309573, 0.784114052953157, 0.784114052953157], "macro": [0.7680224537367395, 0.7694288543312849, 0.7668437746054985, 0.7668437746054985], "weighted": [0.7880724454480638, 0.786674075414104, 0.7844778273809176, 0.7844778273809176], "val_loss": [0.3199317022677391, 0.34514443966890535, 0.339834199136784, 0.339834199136784], "train_disc": [0.7329119867314406, 0.6803365822046832, 0.6249493611314909], "train_gen": [0.5650896485385999, 0.7826775273338693, 0.8519256173587236], "train_class": [0.09158669753112103, 0.09689236425189048, 0.09658225135155063], "train_enc": [0.23363758794596937, 0.3026279206972956, 0.3231852708455643]}