{"micro": [0.7769857433808554, 0.7739307535641547, 0.7780040733197556, 0.7780040733197556], "macro": [0.744721665070213, 0.7342504275013829, 0.7419079685746351, 0.7419079685746351], "weighted": [0.7724612669587242, 0.7657829912423418, 0.7710546058000233, 0.7710546058000233], "val_loss": [0.29120762934607847, 0.30548341956830793, 0.30018076829371915, 0.30018076829371915], "train_disc": [0.7132150179050007, 0.6302113889670763, 0.6484349386288168], "train_gen": [0.5738048042104544, 0.7928958597079001, 0.8077677716322935], "train_class": [0.12694257514072899, 0.1252775313383569, 0.13810242647356022], "train_enc": [0.3056874717356729, 0.39232487398418575, 0.4059685745525881]}