{"micro": [0.7071501881628464, 0.7074923024290114, 0.6780704755388299, 0.6780704755388299], "macro": [0.45458670308793897, 0.44393627945569064, 0.4544803933836648, 0.4544803933836648], "weighted": [0.6819261457449173, 0.6799297205245105, 0.6733116416521353, 0.6733116416521353], "test_loss": [0.5022604360850782, 0.5600815479302667, 0.5240163492863296, 0.5239541637685781]}