{"micro": [0.6938077317824153, 0.6985973315087239, 0.6794389326034895, 0.6794389326034895], "macro": [0.47101574688479825, 0.44597797459457533, 0.4801315265509545, 0.4801315265509545], "weighted": [0.6738410817555902, 0.6614897714672567, 0.6753872326526695, 0.6753872326526695], "test_loss": [0.5463272444802066, 0.5675275370967193, 0.5245804188803571, 0.52410114865974]}