{"micro": [0.7881873727087576, 0.784114052953157, 0.7871690427698574, 0.7871690427698574], "macro": [0.7680224537367395, 0.7668343766105927, 0.7696112181219634, 0.7696112181219634], "weighted": [0.7880724454480638, 0.7848043175062912, 0.7878210192932628, 0.7878210192932628], "val_loss": [0.3199317022677391, 0.33815578653687434, 0.3281343058953362, 0.3281343058953362], "train_disc": [0.7191064439184679, 0.68263121804253, 0.6318393466902561], "train_gen": [0.6264256164024437, 0.8052886421563196, 0.8608658939111428], "train_class": [0.05359349347895286, 0.05383051577141213, 0.051435349346265764], "train_enc": [0.16815992029475385, 0.20412214450497446, 0.21332146186646217]}