{"micro": [0.7769857433808554, 0.784114052953157, 0.7668024439918534, 0.7668024439918534], "macro": [0.744721665070213, 0.7517880212198675, 0.7330851134256179, 0.7330851134256179], "weighted": [0.7724612669587242, 0.7786677665895186, 0.7617086553140883, 0.7617086553140883], "val_loss": [0.29120762934607847, 0.2970729793512052, 0.2987406449692865, 0.2987406449692865], "train_disc": [0.6615085233756102, 0.6511508043997926, 0.6781647775342555], "train_gen": [0.6849984888170586, 0.7372567253034623, 0.7510697033887352], "train_class": [0.09137677453214028, 0.12230753414129299, 0.13523340127507194], "train_enc": [0.388187631557548, 0.4297821298648751, 0.44315155102906983]}