{"micro": [0.8145740677386247, 0.807047553882997, 0.8073896681491618, 0.8073896681491618], "macro": [0.8138608728929143, 0.8049413418492432, 0.8058854645692825, 0.8058854645692825], "weighted": [0.813808617847785, 0.8048877038119635, 0.8058302598483724, 0.8058302598483724], "val_loss": [0.33218599948014227, 0.39080437605620405, 0.3813113117643983, 0.3813113117643983], "train_disc": [0.6371314072869515, 0.6345822801355456, 0.6237121094120005], "train_gen": [0.7172098133733363, 0.9253373856101531, 0.9189587225679492], "train_class": [0.1935347939123873, 0.1829485888363885, 0.18062744012784437], "train_enc": [0.35063730530400095, 0.4056652351155307, 0.4021268333893656]}