{"micro": [0.8210742387957578, 0.8183373246664386, 0.8176530961341087, 0.8176530961341087], "macro": [0.821771529185233, 0.8191066992673752, 0.8189267533474149, 0.8189267533474149], "weighted": [0.8217216417879083, 0.8190569652297235, 0.8188792857217921, 0.8188792857217921], "val_loss": [0.31205994419529626, 0.34114044342798183, 0.33678792022636844, 0.33678792022636844], "train_disc": [0.6836391677621936, 0.6833836077992382, 0.6919842714168987], "train_gen": [0.6436552897177107, 0.7762543334335578, 0.7681228075522543], "train_class": [0.20871064726446495, 0.20941035237794364, 0.22363585225545643], "train_enc": [0.4261829685318014, 0.49283234376073537, 0.4958793299445689]}