{"micro": [0.6455696202531646, 0.6387273349298666, 0.6038316797810469, 0.6038316797810469], "macro": [0.4603235866924953, 0.45210858062958076, 0.44391652893059713, 0.44391652893059713], "weighted": [0.6517684172306123, 0.6467525666825774, 0.6256896645244374, 0.6256896645244374], "test_loss": [0.5306061950456249, 0.58660331547586, 0.5968739239733076, 0.597143907853163]}