{"micro": [0.6455696202531646, 0.6753335614095107, 0.6349640780020527, 0.6349640780020527], "macro": [0.4603235866924953, 0.455958740849108, 0.4548527197582264, 0.4548527197582264], "weighted": [0.6517684172306123, 0.666172975535012, 0.6469194079532475, 0.6469194079532475], "test_loss": [0.5311696203679986, 0.6039075327049839, 0.5706980944982644, 0.5708352261390842]}