{"micro": [0.6938077317824153, 0.7003079028395484, 0.6842285323297982, 0.6842285323297982], "macro": [0.47101574688479825, 0.45483910649398335, 0.48905285444952656, 0.48905285444952656], "weighted": [0.6738410817555902, 0.6655374895019129, 0.6812951243157982, 0.6812951243157982], "test_loss": [0.5450908179735877, 0.5477201063898417, 0.503723717574539, 0.5033365373240143]}