{"micro": [0.8145740677386247, 0.8094423537461513, 0.806705439616832, 0.806705439616832], "macro": [0.8138608728929143, 0.807520485666839, 0.8044044055812042, 0.8044044055812042], "weighted": [0.813808617847785, 0.8074659390569067, 0.8043506178506651, 0.8043506178506651], "val_loss": [0.33218599948014227, 0.3819231490465899, 0.385028175276811, 0.385028175276811], "train_disc": [0.7163423179277305, 0.6467387949834105, 0.5959389496370743], "train_gen": [0.6588046547493648, 0.9140860956223285, 0.9449011233986401], "train_class": [0.18157251413321235, 0.1692079884799126, 0.16786215615158523], "train_enc": [0.2770189470280715, 0.318183616129427, 0.3232699549589001]}