{"micro": [0.6989394457748889, 0.7095449880260006, 0.6897023605884366, 0.6897023605884366], "macro": [0.49021593064439434, 0.4755055341135601, 0.5094974117763439, 0.5094974117763439], "weighted": [0.6785865589710072, 0.6711644953760759, 0.6848915586829534, 0.6848915586829534], "test_loss": [0.4722469998269133, 0.522130060839197, 0.4521292311653413, 0.4531581113980116]}