{"micro": [0.7071501881628464, 0.708518645227506, 0.6958604173794047, 0.6958604173794047], "macro": [0.45458670308793897, 0.44752311150246876, 0.448700663906721, 0.448700663906721], "weighted": [0.6819261457449173, 0.6816479361667452, 0.6775848749802118, 0.6775848749802118], "test_loss": [0.5013429072934911, 0.5489996534064819, 0.5318926893622498, 0.5301454184485264]}