{"micro": [0.8210742387957578, 0.820390010263428, 0.8193636674649333, 0.8193636674649333], "macro": [0.821771529185233, 0.8213483509821499, 0.82060443831205, 0.82060443831205], "weighted": [0.8217216417879083, 0.8213004616686397, 0.820554419430761, 0.820554419430761], "val_loss": [0.31205994419529626, 0.33630696739467075, 0.3312322697233246, 0.3312322697233246], "train_disc": [0.7126290527849249, 0.7036263356443311, 0.6712327785179263], "train_gen": [0.6154380522139086, 0.7770606543197006, 0.7933578621494314], "train_class": [0.18340933041982962, 0.18709217860806185, 0.19108236249271637], "train_enc": [0.3994236923957783, 0.4820764164129893, 0.4922201126976743]}