{"micro": [0.7881873727087576, 0.774949083503055, 0.7892057026476579, 0.7892057026476579], "macro": [0.7680224537367395, 0.7589099103375454, 0.7722073427329755, 0.7722073427329755], "weighted": [0.7880724454480638, 0.7764962149381888, 0.7901427151772432, 0.7901427151772432], "val_loss": [0.3199317022677391, 0.3461864559400466, 0.341092144048983, 0.341092144048983], "train_disc": [0.6668103079978234, 0.6769776891489498, 0.6266409595155976], "train_gen": [0.6352765905401094, 0.8311095322416129, 0.873571945995581], "train_class": [0.13951110951806026, 0.14677291613866073, 0.15634821308522276], "train_enc": [0.3378173096583841, 0.4205075710849032, 0.443237715731553]}