{"micro": [0.8210742387957578, 0.8173109818679439, 0.8162846390694491, 0.8162846390694491], "macro": [0.821771529185233, 0.8190291906236178, 0.817595031151392, 0.817595031151392], "weighted": [0.8217216417879083, 0.8189778129592762, 0.8175451241532492, 0.8175451241532492], "val_loss": [0.31205994419529626, 0.32322939221945696, 0.31793903272543, 0.31793903272543], "train_disc": [0.6642961684471923, 0.6865480669209214, 0.666703717956126], "train_gen": [0.7090062352477527, 0.7795220271485751, 0.7910334891308852], "train_class": [0.06334592234037939, 0.0570719055271621, 0.05620835711823298], "train_enc": [0.1924779884965042, 0.20156193422815188, 0.20317338773461638]}