{"micro": [0.6989394457748889, 0.7033869312350325, 0.6383852206637016, 0.6383852206637016], "macro": [0.49021593064439434, 0.49010579327289955, 0.5083926173553978, 0.5083926173553978], "weighted": [0.6785865589710072, 0.6753776411943762, 0.658536831717324, 0.658536831717324], "test_loss": [0.4716346931587803, 0.49067709175615365, 0.4782206275261165, 0.4771976401734222]}