{"micro": [0.8210742387957578, 0.8162846390694491, 0.8132056106739651, 0.8132056106739651], "macro": [0.821771529185233, 0.8172782993800016, 0.8153020048090606, 0.8153020048090606], "weighted": [0.8217216417879083, 0.8172261885207269, 0.8152558439691124, 0.8152558439691124], "val_loss": [0.31205994419529626, 0.3485197846350245, 0.3097247722065025, 0.3097247722065025], "train_disc": [0.7047254224943984, 0.6864443639588487, 0.6987443983229131], "train_gen": [0.5646854928933858, 0.790499524666312, 0.7477530361524697], "train_class": [0.06281217640835812, 0.06922126391424181, 0.07527655249593851], "train_enc": [0.26356150633324693, 0.35773257561068716, 0.3442671559547466]}