{"micro": [0.6989394457748889, 0.7040711597673623, 0.6931235032500855, 0.6931235032500855], "macro": [0.49021593064439434, 0.4728353327523745, 0.5016489177977909, 0.5016489177977909], "weighted": [0.6785865589710072, 0.6718427491474211, 0.6850842265928991, 0.6850842265928991], "test_loss": [0.4714318245160775, 0.49870972112431877, 0.4598377853265551, 0.4615915318737265]}