{"micro": [0.7071501881628464, 0.7009921313718782, 0.6890181320561067, 0.6890181320561067], "macro": [0.45458670308793897, 0.444747615463857, 0.45261573745684974, 0.45261573745684974], "weighted": [0.6819261457449173, 0.67825335500939, 0.6766380694602132, 0.6766380694602132], "test_loss": [0.5013722743574387, 0.5105735587129177, 0.4939849551746754, 0.4934517934999831]}