{"micro": [0.8145740677386247, 0.8077317824153267, 0.8091002394799863, 0.8091002394799863], "macro": [0.8138608728929143, 0.8055233620942522, 0.8079869029619714, 0.8079869029619714], "weighted": [0.813808617847785, 0.8054695291594753, 0.8079322324283237, 0.8079322324283237], "val_loss": [0.33218599948014227, 0.38774067262706696, 0.3732798877960997, 0.3732798877960997], "train_disc": [0.685174361604159, 0.6378333050696576, 0.6270719593991347], "train_gen": [0.6338070357432131, 0.8833683523975435, 0.866913522853226], "train_class": [0.19415913554814343, 0.1920642117903532, 0.2076249781772087], "train_enc": [0.3700183032314634, 0.46858587861061096, 0.4713404085792479]}