{"micro": [0.7881873727087576, 0.7871690427698574, 0.7810590631364562, 0.7810590631364562], "macro": [0.7680224537367395, 0.7695433291575041, 0.7641782658320354, 0.7641782658320354], "weighted": [0.7880724454480638, 0.7870548222330931, 0.7819927490353568, 0.7819927490353568], "val_loss": [0.3199317022677391, 0.35478064952598465, 0.3457049347099758, 0.3457049347099758], "train_disc": [0.6890753807265901, 0.6313853107514928, 0.6016814466056928], "train_gen": [0.6868558747520863, 0.8657724388310166, 0.9014955198829943], "train_class": [0.12527518173873098, 0.12175605462385657, 0.1181601468738311], "train_enc": [0.23759132525959953, 0.27055933615549016, 0.2748272265078592]}