{"micro": [0.6989394457748889, 0.7068080738966815, 0.6907287033869313, 0.6907287033869313], "macro": [0.49021593064439434, 0.48158492625273003, 0.5038609437346145, 0.5038609437346145], "weighted": [0.6785865589710072, 0.6798394602972573, 0.6839677266152078, 0.6839677266152078], "test_loss": [0.4728219792694668, 0.49119289988865616, 0.451451505956754, 0.4504828520241331]}