{"micro": [0.6938077317824153, 0.698255217242559, 0.6941498460485802, 0.6941498460485802], "macro": [0.47101574688479825, 0.45702294952350914, 0.47260229551905786, 0.47260229551905786], "weighted": [0.6738410817555902, 0.6662973023881287, 0.6730212420837871, 0.6730212420837871], "test_loss": [0.5466473728336924, 0.5885162550162096, 0.5606532048820798, 0.5608193297040919]}