{"micro": [0.7881873727087576, 0.785132382892057, 0.7810590631364562, 0.7810590631364562], "macro": [0.7680224537367395, 0.7669523799246353, 0.7638783470294676, 0.7638783470294676], "weighted": [0.7880724454480638, 0.7853572641850147, 0.7814536756368049, 0.7814536756368049], "val_loss": [0.3199317022677391, 0.3443437779262181, 0.34352947771549225, 0.34352947771549225], "train_disc": [0.7085927656439485, 0.6676835280949952, 0.6203403407758702], "train_gen": [0.5778822670868837, 0.7945020185793684, 0.8574399159905689], "train_class": [0.13380694138954896, 0.13312580049689351, 0.13300055580956688], "train_enc": [0.2670295434734209, 0.33153867379563756, 0.3503323746183531]}