{"micro": [0.8080738966814915, 0.8080738966814915, 0.8084160109476565, 0.8084160109476565], "macro": [0.808120603332771, 0.8076757694498472, 0.8083326233309146, 0.8083326233309146], "weighted": [0.80814324698154, 0.8076983732034284, 0.8083556507080907, 0.8083556507080907], "val_loss": [0.3577327486127615, 0.3762656713255727, 0.378497900219909, 0.378497900219909], "train_disc": [0.6829047395231945, 0.6699932204569624, 0.6543962841476899], "train_gen": [0.6450980615094711, 0.8472640266835364, 0.8440045264900707], "train_class": [0.22315849306804886, 0.21140441583479688, 0.20828569444313727], "train_enc": [0.3919343329518219, 0.46574827263264057, 0.46257323906069897]}