{"micro": [0.7881873727087576, 0.7881873727087576, 0.785132382892057, 0.785132382892057], "macro": [0.7680224537367395, 0.7695013779954634, 0.7689771044747644, 0.7689771044747644], "weighted": [0.7880724454480638, 0.788116073690068, 0.7859966346151441, 0.7859966346151441], "val_loss": [0.3199317022677391, 0.34226053718838, 0.3387644945854141, 0.3387644945854141], "train_disc": [0.6686619666756176, 0.6448213570430631, 0.6294291319091463], "train_gen": [0.690932168986628, 0.8361861995660542, 0.8419657649238252], "train_class": [0.1263683456011483, 0.13893908710101915, 0.14924360070723652], "train_enc": [0.35219388385939465, 0.4178379420699969, 0.4263324771748214]}