{"micro": [0.8145740677386247, 0.8080738966814915, 0.806705439616832, 0.806705439616832], "macro": [0.8138608728929143, 0.805636113680257, 0.804657302744185, 0.804657302744185], "weighted": [0.813808617847785, 0.8055834453944113, 0.8046034872038671, 0.8046034872038671], "val_loss": [0.33218599948014227, 0.3888942458694852, 0.3850972406544514, 0.3850972406544514], "train_disc": [0.6829297897594223, 0.6459454324076085, 0.6625830707002859], "train_gen": [0.591466136643144, 0.7817713338169244, 0.7866830301415073], "train_class": [0.17696303839647703, 0.19089878264997825, 0.18747016746815437], "train_enc": [0.38421458755034565, 0.48633505900700885, 0.48707659843840884]}