{"micro": [0.6938077317824153, 0.6962025316455697, 0.6917550461854259, 0.6917550461854259], "macro": [0.47101574688479825, 0.46053628382479234, 0.4746717328386603, 0.4746717328386603], "weighted": [0.6738410817555902, 0.6667986105087491, 0.6740149320217522, 0.6740149320217522], "test_loss": [0.5459709648307556, 0.5708177086332293, 0.5377429774224433, 0.5364481511785358]}