{"micro": [0.7881873727087576, 0.780040733197556, 0.7892057026476579, 0.7892057026476579], "macro": [0.7680224537367395, 0.7649858935778822, 0.7718726578132692, 0.7718726578132692], "weighted": [0.7880724454480638, 0.7807168244230872, 0.7899272358355657, 0.7899272358355657], "val_loss": [0.3199317022677391, 0.3464490838589207, 0.3345529387795156, 0.3345529387795156], "train_disc": [0.6527729135393445, 0.6611242251969426, 0.6762790572447855], "train_gen": [0.6517790562468149, 0.7506772012658458, 0.7996604022432546], "train_class": [0.14951527379249616, 0.16889207311422447, 0.20280409136105104], "train_enc": [0.40064716404253015, 0.4597846365691534, 0.5012322468835799]}