{"micro": [0.6455696202531646, 0.6435169346561752, 0.6247006500171057, 0.6247006500171057], "macro": [0.4603235866924953, 0.4529348490813158, 0.45311504774909944, 0.45311504774909944], "weighted": [0.6517684172306123, 0.6501019979006805, 0.6396184854394082, 0.6396184854394082], "test_loss": [0.5298287688545842, 0.5747121644150364, 0.5801704737658058, 0.5794849181598652]}