{"micro": [0.6455696202531646, 0.6722545330140267, 0.5952788231269244, 0.5952788231269244], "macro": [0.4603235866924953, 0.4585012783923075, 0.44397073667601683, 0.44397073667601683], "weighted": [0.6517684172306123, 0.6651556336964858, 0.6201703494230466, 0.6201703494230466], "test_loss": [0.5311256163840086, 0.5786827716345344, 0.5639962010044869, 0.5622919041439484]}