{"micro": [0.7020184741703729, 0.6832021895313034, 0.5774888812863497, 0.5774888812863497], "macro": [0.47987264207876407, 0.47155207599792437, 0.4525422189176774, 0.4525422189176774], "weighted": [0.6879935505302346, 0.6758427408040204, 0.6044221151571433, 0.6044221151571433], "test_loss": [0.5200275455097683, 0.5457254539503426, 0.6195052709084391, 0.6182947196677083]}