{"micro": [0.8080738966814915, 0.8053369825521723, 0.8063633253506671, 0.8063633253506671], "macro": [0.808120603332771, 0.8046957973341956, 0.8059337789922917, 0.8059337789922917], "weighted": [0.80814324698154, 0.8047179059642429, 0.8059586049409543, 0.8059586049409543], "val_loss": [0.3577327486127615, 0.380848837105425, 0.3748526456994844, 0.3748526456994844], "train_disc": [0.7215800438422323, 0.6831920130656717, 0.6520889153897437], "train_gen": [0.6920474409405651, 0.8881449357407992, 0.8809468159910108], "train_class": [0.11476655466268297, 0.11363619745103389, 0.10904160459510616], "train_enc": [0.28795082745004874, 0.34598882830208116, 0.34061317821669446]}