{"micro": [0.6455696202531646, 0.6667807047553883, 0.6363325350667123, 0.6363325350667123], "macro": [0.4603235866924953, 0.4570810532748824, 0.4563614018256983, 0.4563614018256983], "weighted": [0.6517684172306123, 0.6623394014102127, 0.6471886880964683, 0.6471886880964683], "test_loss": [0.5304779745027667, 0.583734987130582, 0.5719955510210469, 0.5716789976332357]}