{"micro": [0.6455696202531646, 0.6476223058501539, 0.5121450564488539, 0.5121450564488539], "macro": [0.4603235866924953, 0.45404677871633425, 0.40992787590298435, 0.40992787590298435], "weighted": [0.6517684172306123, 0.6512444688104587, 0.5483410406174042, 0.5483410406174042], "test_loss": [0.5314657791960434, 0.5718634178037526, 0.6852342391111812, 0.686618364736682]}