{"micro": [0.6989394457748889, 0.7088607594936709, 0.633937735203558, 0.633937735203558], "macro": [0.49021593064439434, 0.4570990386314551, 0.5055528023528435, 0.5055528023528435], "weighted": [0.6785865589710072, 0.6660194493871845, 0.6548421726217581, 0.6548421726217581], "test_loss": [0.4719279911674437, 0.45317867638472, 0.48178333426759545, 0.4813984567350377]}