{"micro": [0.6989394457748889, 0.7064659596305166, 0.688333903523777, 0.688333903523777], "macro": [0.49021593064439434, 0.45876685040653814, 0.5053323254959214, 0.5053323254959214], "weighted": [0.6785865589710072, 0.6681727142418435, 0.6836238291300372, 0.6836238291300372], "test_loss": [0.47210524829684714, 0.5051179022370466, 0.4496324930767544, 0.44899151160743067]}