{"micro": [0.6938077317824153, 0.6818337324666438, 0.6277796784125899, 0.6277796784125899], "macro": [0.47101574688479825, 0.47112678074623277, 0.4701736465781409, 0.4701736465781409], "weighted": [0.6738410817555902, 0.6684862059278271, 0.6482153272083582, 0.6482153272083582], "test_loss": [0.5448007491045718, 0.4907173340926405, 0.5080956401395016, 0.5089818319824876]}