{"micro": [0.7020184741703729, 0.7023605884365378, 0.6729387615463565, 0.6729387615463565], "macro": [0.47987264207876407, 0.48000241212557854, 0.48013542120311753, 0.48013542120311753], "weighted": [0.6879935505302346, 0.6869718683592944, 0.6747300749444941, 0.6747300749444941], "test_loss": [0.5184205948207222, 0.5667878673946272, 0.5436107188951774, 0.543822216714829]}