{"micro": [0.8210742387957578, 0.816968867601779, 0.8179952104002737, 0.8179952104002737], "macro": [0.821771529185233, 0.8175464908098268, 0.8188946591556658, 0.8188946591556658], "weighted": [0.8217216417879083, 0.8174952276954527, 0.818842784634479, 0.818842784634479], "val_loss": [0.31205994419529626, 0.3375786129955223, 0.33595223584062234, 0.33595223584062234], "train_disc": [0.7096826391793339, 0.6705615546533971, 0.6453258216055364], "train_gen": [0.6762040084828445, 0.8249743066198839, 0.8368547496899881], "train_class": [0.2060775096054937, 0.18614075845870814, 0.18183676717304142], "train_enc": [0.34711546520066394, 0.3777908296858678, 0.3783421703700811]}