{"micro": [0.8210742387957578, 0.8183373246664386, 0.8176530961341087, 0.8176530961341087], "macro": [0.821771529185233, 0.8192166564384737, 0.8187007398951609, 0.8187007398951609], "weighted": [0.8217216417879083, 0.8191662822905688, 0.818649678939323, 0.818649678939323], "val_loss": [0.31205994419529626, 0.32859604686111865, 0.33587845108380204, 0.33587845108380204], "train_disc": [0.7237520543603949, 0.680713551617711, 0.6552918592437369], "train_gen": [0.5830960101117202, 0.7984481098873367, 0.8275820521709046], "train_class": [0.11414685608218603, 0.10868556295709858, 0.10983942120330907], "train_enc": [0.20793669064188264, 0.2466380763900736, 0.2533879528443019]}