{"micro": [0.7020184741703729, 0.6688333903523777, 0.4864864864864865, 0.4864864864864865], "macro": [0.47987264207876407, 0.47767463852031494, 0.39367119530443584, 0.39367119530443584], "weighted": [0.6879935505302346, 0.6700798221424481, 0.5198244391335942, 0.5198244391335942], "test_loss": [0.519431592092488, 0.49326790706381773, 0.7145324689768703, 0.7144881827258022]}