{"micro": [0.6455696202531646, 0.6592541908997606, 0.630516592541909, 0.630516592541909], "macro": [0.4603235866924953, 0.45625556191828087, 0.44679557336406556, 0.44679557336406556], "weighted": [0.6517684172306123, 0.6595527157142472, 0.6428909621882412, 0.6428909621882412], "test_loss": [0.5305290415557355, 0.5687269576586009, 0.563331125986055, 0.5631063690439599]}