{"micro": [0.8210742387957578, 0.816968867601779, 0.8179952104002737, 0.8179952104002737], "macro": [0.821771529185233, 0.8178349754084574, 0.818907446717137, 0.818907446717137], "weighted": [0.8217216417879083, 0.8177829405288819, 0.8188559014615918, 0.8188559014615918], "val_loss": [0.31205994419529626, 0.33421829013571225, 0.33364899269282267, 0.33364899269282267], "train_disc": [0.7195276543090904, 0.6801961474731321, 0.6598340282674695], "train_gen": [0.6441354510562668, 0.8231877150431357, 0.8282577164186155], "train_class": [0.1998227842029978, 0.21169482419888178, 0.1918644382735419], "train_enc": [0.3775478596570062, 0.45629199329621156, 0.44642175905040055]}