{"micro": [0.8145740677386247, 0.8080738966814915, 0.8084160109476565, 0.8084160109476565], "macro": [0.8138608728929143, 0.8059087845353002, 0.8068098743861979, 0.8068098743861979], "weighted": [0.813808617847785, 0.805854169746624, 0.8067583851131285, 0.8067583851131285], "val_loss": [0.33218599948014227, 0.3870461776705021, 0.37777860814265274, 0.37777860814265274], "train_disc": [0.6643832690728818, 0.6488638339472599, 0.6640597484150871], "train_gen": [0.5708552944204195, 0.8058965059577442, 0.8212166536049764], "train_class": [0.19897737001867893, 0.19957391811850292, 0.20494906864856763], "train_enc": [0.3477285484798619, 0.4421029642957156, 0.45145611391692864]}