{"micro": [0.8210742387957578, 0.8200478959972631, 0.8183373246664386, 0.8183373246664386], "macro": [0.821771529185233, 0.8209543534519245, 0.8194154406806509, 0.8194154406806509], "weighted": [0.8217216417879083, 0.8209042087483703, 0.8193646238692613, 0.8193646238692613], "val_loss": [0.31205994419529626, 0.33364352635222444, 0.3343470766656915, 0.3343470766656915], "train_disc": [0.6897554807975644, 0.6818253000577291, 0.6759220032744069], "train_gen": [0.632743614293187, 0.7827195938819093, 0.7875172388358195], "train_class": [0.18768590426103013, 0.1934560240129304, 0.1664935116925852], "train_enc": [0.36570899766651005, 0.4291614632788903, 0.41490301229263266]}