{"micro": [0.8080738966814915, 0.8080738966814915, 0.8073896681491618, 0.8073896681491618], "macro": [0.808120603332771, 0.8073324546457497, 0.8069617544911614, 0.8069617544911614], "weighted": [0.80814324698154, 0.8073560144990841, 0.8069851283474915, 0.8069851283474915], "val_loss": [0.3577327486127615, 0.3859567902931343, 0.3791799763945323, 0.3791799763945323], "train_disc": [0.6888973247158071, 0.6542140528803966, 0.6380631594710011], "train_gen": [0.6518597553987973, 0.8647405716890846, 0.8698215282679908], "train_class": [0.21278978267409762, 0.19497441848526237, 0.20048671415269048], "train_enc": [0.38841778153930206, 0.4628808899003951, 0.4682206526154377]}