{"micro": [0.7881873727087576, 0.7678207739307537, 0.7780040733197556, 0.7780040733197556], "macro": [0.7680224537367395, 0.7531942910303536, 0.7623387292974942, 0.7623387292974942], "weighted": [0.7880724454480638, 0.7689669024884523, 0.7789557165943056, 0.7789557165943056], "val_loss": [0.3199317022677391, 0.3511764808527885, 0.3371181872583205, 0.3371181872583205], "train_disc": [0.6827342233371213, 0.6566035933181887, 0.6308314761177438], "train_gen": [0.7002592598154245, 0.8432326808653242, 0.8864614963531494], "train_class": [0.09623612552026256, 0.11997935475140321, 0.11631117075111697], "train_enc": [0.33784538719172036, 0.40928069473615764, 0.4243713075020274]}