{"micro": [0.7769857433808554, 0.7790224032586558, 0.774949083503055, 0.774949083503055], "macro": [0.744721665070213, 0.7444962432330179, 0.7377836456427241, 0.7377836456427241], "weighted": [0.7724612669587242, 0.7726974438758631, 0.7677449411011248, 0.7677449411011248], "val_loss": [0.29120762934607847, 0.29811742781631406, 0.29256030304297326, 0.29256030304297326], "train_disc": [0.6601977390669734, 0.6347600807909106, 0.6229378608732276], "train_gen": [0.6553646400978005, 0.8153246843098291, 0.8464560853978975], "train_class": [0.04890220457576012, 0.04744851065524777, 0.04799454329443759], "train_enc": [0.17019469490468175, 0.20102374964073055, 0.20768685524906616]}