{"micro": [0.6455696202531646, 0.6291481354772493, 0.5641464249059186, 0.5641464249059186], "macro": [0.4603235866924953, 0.44379500868895394, 0.42664935868477855, 0.42664935868477855], "weighted": [0.6517684172306123, 0.6405063406455487, 0.5982949227656272, 0.5982949227656272], "test_loss": [0.5304482819441237, 0.5819990051900102, 0.6133564652803817, 0.6131763375196301]}