{"micro": [0.7071501881628464, 0.708518645227506, 0.7068080738966815, 0.7068080738966815], "macro": [0.45458670308793897, 0.4522024146328003, 0.4487234209037942, 0.4487234209037942], "weighted": [0.6819261457449173, 0.6845504916359139, 0.6819353010803176, 0.6819353010803176], "test_loss": [0.501966045691016, 0.5291271495525954, 0.533566852166353, 0.534464873414222]}