{"micro": [0.6938077317824153, 0.6996236743072186, 0.6897023605884366, 0.6897023605884366], "macro": [0.47101574688479825, 0.45820789811615503, 0.47309276730455396, 0.47309276730455396], "weighted": [0.6738410817555902, 0.6658379264812897, 0.6727086837108937, 0.6727086837108937], "test_loss": [0.5459646141268516, 0.5788369892277027, 0.54869607457372, 0.548894747363943]}