{"micro": [0.7020184741703729, 0.705097502565857, 0.681491618200479, 0.681491618200479], "macro": [0.47987264207876407, 0.48000255158187904, 0.4836031686916031, 0.4836031686916031], "weighted": [0.6879935505302346, 0.6879687671475754, 0.6800535784611578, 0.6800535784611578], "test_loss": [0.5206765037009625, 0.5706886627960727, 0.5419853637860121, 0.5423040107462576]}