{"micro": [0.8080738966814915, 0.8063633253506671, 0.8084160109476565, 0.8084160109476565], "macro": [0.808120603332771, 0.8057048796664983, 0.8084918761791599, 0.8084918761791599], "weighted": [0.80814324698154, 0.8057287397734658, 0.808514728003768, 0.808514728003768], "val_loss": [0.3577327486127615, 0.3957918954738339, 0.3728338133014454, 0.3728338133014454], "train_disc": [0.6856875595499258, 0.6458154229518495, 0.6347488493867259], "train_gen": [0.6398530250690022, 0.8761144658255446, 0.88286047424775], "train_class": [0.17932605796335824, 0.1718687726581683, 0.1729613045444254], "train_enc": [0.2714314558466927, 0.3127179166984037, 0.31494114478754864]}