{"micro": [0.7881873727087576, 0.7861507128309573, 0.7871690427698574, 0.7871690427698574], "macro": [0.7680224537367395, 0.768181706914666, 0.7692912699728606, 0.7692912699728606], "weighted": [0.7880724454480638, 0.7862392569917105, 0.7872361538667498, 0.7872361538667498], "val_loss": [0.3199317022677391, 0.3473280155730824, 0.34241338242446223, 0.34241338242446223], "train_disc": [0.6881362264925014, 0.6239182732470049, 0.594449233813364], "train_gen": [0.6383298811365347, 0.8460305824957258, 0.8920868612378021], "train_class": [0.1384230384531894, 0.14091027778435927, 0.13194742776412782], "train_enc": [0.2883950977540407, 0.3524463784173538, 0.35998926625225713]}