{"micro": [0.7881873727087576, 0.784114052953157, 0.785132382892057, 0.785132382892057], "macro": [0.7680224537367395, 0.7668192322872432, 0.7674053239039109, 0.7674053239039109], "weighted": [0.7880724454480638, 0.7848827749014569, 0.7859362671065788, 0.7859362671065788], "val_loss": [0.3199317022677391, 0.3294224037278083, 0.3184174445848311, 0.3184174445848311], "train_disc": [0.6689710483524969, 0.6553264289605812, 0.643053501681552], "train_gen": [0.6356061482038654, 0.7893165450929944, 0.8364888960546483], "train_class": [0.05796439464259995, 0.061630866612445136, 0.06409422181994537], "train_enc": [0.2312569266459981, 0.27993657843011327, 0.2958126338453241]}