{"micro": [0.6455696202531646, 0.7044132740335272, 0.5713308244953814, 0.5713308244953814], "macro": [0.4603235866924953, 0.426376407766538, 0.44227050259068657, 0.44227050259068657], "weighted": [0.6517684172306123, 0.663234129176234, 0.6010990036860168, 0.6010990036860168], "test_loss": [0.5304696108799815, 0.6324113475494697, 0.537028493125582, 0.5366742139468428]}