{"micro": [0.8210742387957578, 0.8152582962709545, 0.816968867601779, 0.816968867601779], "macro": [0.821771529185233, 0.8155822440321264, 0.8176320951694306, 0.8176320951694306], "weighted": [0.8217216417879083, 0.8155313005532854, 0.8175807258651788, 0.8175807258651788], "val_loss": [0.31205994419529626, 0.34791405079759086, 0.3383696028209531, 0.3383696028209531], "train_disc": [0.7119389824528511, 0.6638947910949832, 0.644660217514455], "train_gen": [0.6400468733792748, 0.833646317323049, 0.8482957837360153], "train_class": [0.18923322848283528, 0.18245576423862592, 0.18125900955962354], "train_enc": [0.2793959623477498, 0.3126938807182625, 0.3146663688408221]}