{"micro": [0.7071501881628464, 0.6972288744440643, 0.6667807047553883, 0.6667807047553883], "macro": [0.45458670308793897, 0.4381794783556301, 0.44286096177368667, 0.44286096177368667], "weighted": [0.6819261457449173, 0.6788934055271403, 0.6645872592999824, 0.6645872592999824], "test_loss": [0.5007856896584802, 0.5038624520265991, 0.5406237755154, 0.5407938459491144]}