{"micro": [0.7769857433808554, 0.7820773930753564, 0.7790224032586558, 0.7790224032586558], "macro": [0.744721665070213, 0.7482683509661836, 0.7464536902149876, 0.7464536902149876], "weighted": [0.7724612669587242, 0.77584080538764, 0.7736467578657757, 0.7736467578657757], "val_loss": [0.29120762934607847, 0.3017735590617503, 0.29580049000440106, 0.29580049000440106], "train_disc": [0.7460250623239194, 0.7322580846932416, 0.6495978695447328], "train_gen": [0.49878486616363943, 0.7769192102176895, 0.8348206929821785], "train_class": [0.08247396476118943, 0.08998256327350283, 0.08734163742695676], "train_enc": [0.2489983301019408, 0.364757230210174, 0.38633326770829374]}