{"micro": [0.7071501881628464, 0.7109134450906602, 0.6873075607252822, 0.6873075607252822], "macro": [0.45458670308793897, 0.3941621394484904, 0.4544573178764231, 0.4544573178764231], "weighted": [0.6819261457449173, 0.6593814251982592, 0.6768350184301527, 0.6768350184301527], "test_loss": [0.5000570184383236, 0.5833191689042772, 0.43713634721731226, 0.43694645781171776]}