{"micro": [0.6455696202531646, 0.5836469380773178, 0.5699623674307218, 0.5699623674307218], "macro": [0.4603235866924953, 0.4333612212512361, 0.4335762051947447, 0.4335762051947447], "weighted": [0.6517684172306123, 0.6101409677181798, 0.5996856745805299, 0.5996856745805299], "test_loss": [0.5302564202924895, 0.5470080670437526, 0.5638650059700012, 0.5630864373158887]}