{"micro": [0.7769857433808554, 0.7729124236252546, 0.7790224032586558, 0.7790224032586558], "macro": [0.744721665070213, 0.7340815814742315, 0.7444962432330179, 0.7444962432330179], "weighted": [0.7724612669587242, 0.7646723597544681, 0.7726974438758631, 0.7726974438758631], "val_loss": [0.29120762934607847, 0.3024879569007504, 0.29852623047847904, 0.29852623047847904], "train_disc": [0.6559199795045488, 0.6356530775789355, 0.6248300541294077], "train_gen": [0.6701080991270764, 0.8503343726767868, 0.876356142791894], "train_class": [0.12321775148067969, 0.12213656959719345, 0.12153109034798185], "train_enc": [0.2872848622297329, 0.3405959179492596, 0.34797861667278684]}