{"micro": [0.8210742387957578, 0.816968867601779, 0.8145740677386247, 0.8145740677386247], "macro": [0.821771529185233, 0.8173649845592474, 0.8158478562810778, 0.8158478562810778], "weighted": [0.8217216417879083, 0.8173132170113483, 0.8157977189620458, 0.8157977189620458], "val_loss": [0.31205994419529626, 0.3354001506397124, 0.3299467073590622, 0.3299467073590622], "train_disc": [0.6877933278109858, 0.6800765193225257, 0.7049924982050078], "train_gen": [0.694004787447674, 0.7571376376464719, 0.7342707459392444], "train_class": [0.11528703556116161, 0.12935608610144403, 0.12607169129931536], "train_enc": [0.4046459116570936, 0.44324686162458743, 0.43017121954042403]}