{"micro": [0.8080738966814915, 0.8043106397536778, 0.8029421826890181, 0.8029421826890181], "macro": [0.808120603332771, 0.8036459929910588, 0.8032932829235714, 0.8032932829235714], "weighted": [0.80814324698154, 0.8036684992051633, 0.8033167583431433, 0.8033167583431433], "val_loss": [0.3577327486127615, 0.4043051350933036, 0.3669812056653283, 0.3669812056653283], "train_disc": [0.6700192794122332, 0.6622702316508267, 0.6939023185948856], "train_gen": [0.6839543581008911, 0.8353986531658902, 0.758529532151144], "train_class": [0.12446608982695256, 0.13920220659404506, 0.14316562899067753], "train_enc": [0.40421022303768844, 0.4873004301649625, 0.45084758159892807]}