{"micro": [0.7881873727087576, 0.774949083503055, 0.7810590631364562, 0.7810590631364562], "macro": [0.7680224537367395, 0.7612480592184202, 0.765370683347734, 0.765370683347734], "weighted": [0.7880724454480638, 0.7769266419926483, 0.7823492306723403, 0.7823492306723403], "val_loss": [0.3199317022677391, 0.33039632968364224, 0.321572617297211, 0.321572617297211], "train_disc": [0.6425722694136405, 0.686535180592146, 0.6653448623386237], "train_gen": [0.6139252053909614, 0.750809682848675, 0.8232799615364909], "train_class": [0.05768038361979638, 0.07822291121456793, 0.07731460812476164], "train_enc": [0.2801783189096086, 0.3472576266755172, 0.37570075975741196]}