{"micro": [0.7020184741703729, 0.7030448169688676, 0.6832021895313034, 0.6832021895313034], "macro": [0.47987264207876407, 0.48086289915485797, 0.4882250493079043, 0.4882250493079043], "weighted": [0.6879935505302346, 0.6877033123783679, 0.6819016585353277, 0.6819016585353277], "test_loss": [0.5202503466948134, 0.5802225676451713, 0.5495229246695348, 0.5508357355666291]}