{"micro": [0.8210742387957578, 0.8186794389326035, 0.8186794389326035, 0.8186794389326035], "macro": [0.821771529185233, 0.8197944999391443, 0.8196382625876154, 0.8196382625876154], "weighted": [0.8217216417879083, 0.8197438659984895, 0.8195887276711671, 0.8195887276711671], "val_loss": [0.31205994419529626, 0.3305031144113631, 0.3320888992274292, 0.3320888992274292], "train_disc": [0.7146945006208993, 0.6705639245080166, 0.6446249292847889], "train_gen": [0.6603724614518588, 0.8430206192647173, 0.8631405872725398], "train_class": [0.21214913302024857, 0.18700803221900605, 0.19630788576081803], "train_enc": [0.3017938062955773, 0.31821055474177085, 0.3296744317793455]}