{"micro": [0.8080738966814915, 0.8080738966814915, 0.8063633253506671, 0.8063633253506671], "macro": [0.808120603332771, 0.8076122519509136, 0.8060352693465417, 0.8060352693465417], "weighted": [0.80814324698154, 0.8076352615384014, 0.8060581102542771, 0.8060581102542771], "val_loss": [0.3577327486127615, 0.38424964050146565, 0.38737928033730046, 0.38737928033730046], "train_disc": [0.6992325929344677, 0.6549716660233794, 0.628817532231899], "train_gen": [0.7371536610556431, 0.920517996034987, 0.9390554242446775], "train_class": [0.21146135703950633, 0.18597789363212924, 0.19859970865842422], "train_enc": [0.316599824878036, 0.3328859182329126, 0.34669085824098744]}