{"micro": [0.7020184741703729, 0.7074923024290114, 0.6869654464591174, 0.6869654464591174], "macro": [0.47987264207876407, 0.47551978880369566, 0.48101936354668, 0.48101936354668], "weighted": [0.6879935505302346, 0.6886695370318033, 0.6803078185176098, 0.6803078185176098], "test_loss": [0.5183974472307117, 0.5706340558623355, 0.5329626053164566, 0.5333671559238694]}