{"micro": [0.6938077317824153, 0.6985973315087239, 0.6784125898049949, 0.6784125898049949], "macro": [0.47101574688479825, 0.4634402035364273, 0.48553075816374686, 0.48553075816374686], "weighted": [0.6738410817555902, 0.6702637565840182, 0.67838202868879, 0.67838202868879], "test_loss": [0.5442063909410779, 0.5536982337104492, 0.5342067903508254, 0.5335214920545537]}