{"micro": [0.8210742387957578, 0.8190215531987685, 0.8183373246664386, 0.8183373246664386], "macro": [0.821771529185233, 0.8201499348031197, 0.8196298132015953, 0.8196298132015953], "weighted": [0.8217216417879083, 0.8200992223563912, 0.8195776801170703, 0.8195776801170703], "val_loss": [0.31205994419529626, 0.32832024851050534, 0.3304787648795936, 0.3304787648795936], "train_disc": [0.683778833821823, 0.6744998214674778, 0.6675603901102243], "train_gen": [0.6791109494824227, 0.7898942668581269, 0.7911522945419687], "train_class": [0.11568513568592527, 0.11310907593760335, 0.11409388987418732], "train_enc": [0.2847128888296951, 0.3161446421198506, 0.31721141779683326]}