{"micro": [0.7769857433808554, 0.7729124236252546, 0.7739307535641547, 0.7739307535641547], "macro": [0.744721665070213, 0.7357375363782884, 0.7384443151381467, 0.7384443151381467], "weighted": [0.7724612669587242, 0.7657933269962252, 0.7672964773751628, 0.7672964773751628], "val_loss": [0.29120762934607847, 0.3051286134268007, 0.30377556119234334, 0.30377556119234334], "train_disc": [0.7179406852018638, 0.666210830700202, 0.6296843879861258], "train_gen": [0.5318738420804342, 0.7950215492743612, 0.8549635169284592], "train_class": [0.11071798026236028, 0.11115306957823332, 0.11403353508215784], "train_enc": [0.2370647422440065, 0.31631362120636175, 0.33631254007907513]}