{"micro": [0.7020184741703729, 0.7064659596305166, 0.6849127608621279, 0.6849127608621279], "macro": [0.47987264207876407, 0.4768699863755311, 0.4789523390262585, 0.4789523390262585], "weighted": [0.6879935505302346, 0.6878446413719063, 0.6795600031627839, 0.6795600031627839], "test_loss": [0.5190254086883016, 0.5889852592121056, 0.561276295797421, 0.5575726621382223]}