{"micro": [0.5217242559014711, 0.49982894286691754, 0.5008552856654123, 0.5008552856654123], "macro": [0.4856537361470843, 0.46052163510299965, 0.4880290810663987, 0.4880290810663987], "weighted": [0.48753216276524286, 0.4612751832206371, 0.48932799883817585, 0.48932799883817585], "test_loss": [0.9205208287213018, 1.049637635060347, 0.9333604258266303, 0.9376892182833511]}