{"micro": [0.5371193978788915, 0.532329798152583, 0.5309613410879234, 0.5309613410879234], "macro": [0.5134591403780734, 0.4943630508203853, 0.5250794662905912, 0.5250794662905912], "weighted": [0.5151142176303327, 0.4963332051723554, 0.527390874064735, 0.527390874064735], "test_loss": [0.8611932891965564, 0.9371709116821081, 0.8442848181463981, 0.844591517591737]}