{"micro": [0.7146767020184743, 0.7290455011973999, 0.7245980157372562, 0.7245980157372562], "macro": [0.7090588067313545, 0.7232228770424665, 0.7189899068308531, 0.7189899068308531], "weighted": [0.7090099133853446, 0.7231684925931502, 0.7189383872910274, 0.7189383872910274], "val_loss": [0.5162050127270607, 0.48426989234902496, 0.4995710137376531, 0.4995710137376531], "train_disc": [0.6888511519614464, 0.7010366288039203, 0.7023338242306736], "train_gen": [0.5557864448411869, 0.6201540723524458, 0.6796100621666413], "train_class": [0.14571240981989872, 0.16485385260865337, 0.14760403850120926], "train_enc": [0.35074942717786695, 0.3925039620021653, 0.41360705064945535]}