{"micro": [0.7146767020184743, 0.7269928156004105, 0.7276770441327404, 0.7276770441327404], "macro": [0.7090588067313545, 0.7201198275706163, 0.7218629744922224, 0.7218629744922224], "weighted": [0.7090099133853446, 0.7200605714217931, 0.7218088916985971, 0.7218088916985971], "val_loss": [0.5162050127270607, 0.4816986384796477, 0.4841871086833744, 0.4841871086833744], "train_disc": [0.6727173631308508, 0.6438688163548871, 0.6145695936484415], "train_gen": [0.650879376247281, 0.7714935397841239, 0.813013499226075], "train_class": [0.14125991940416924, 0.13563600683309993, 0.1261470253513159], "train_enc": [0.24318381525128266, 0.2628075186509252, 0.26352032530503194]}