{"micro": [0.5217242559014711, 0.5056448853917208, 0.5029079712624016, 0.5029079712624016], "macro": [0.4856537361470843, 0.4685090042231941, 0.48134437168164323, 0.48134437168164323], "weighted": [0.48753216276524286, 0.4699257981191715, 0.48272222877381665, 0.48272222877381665], "test_loss": [0.9240750551549464, 0.999043976348606, 0.964341129761576, 0.9649304470729306]}