{"micro": [0.444064317482039, 0.49196031474512486, 0.5046185425932261, 0.5046185425932261], "macro": [0.43557260497499733, 0.49093941584929707, 0.5049328835612648, 0.5049328835612648], "weighted": [0.43521276381930213, 0.49143473798053955, 0.5070743141313752, 0.5070743141313752], "test_loss": [0.8639973358052676, 0.8285747439157768, 0.8763378710368943, 0.8774271467344357]}