{"micro": [0.484775915155662, 0.4580910023947999, 0.4851180294218269, 0.4851180294218269], "macro": [0.4784410011783771, 0.43738368419170975, 0.4866808672953417, 0.4866808672953417], "weighted": [0.4790137028736848, 0.4375231460375792, 0.4871923351755023, 0.4871923351755023], "test_loss": [0.8832088775647794, 0.9916042475426783, 0.8521046693859204, 0.8485386288556896]}