{"micro": [0.5217242559014711, 0.5059869996578857, 0.5100923708518645, 0.5100923708518645], "macro": [0.4856537361470843, 0.4687690187458038, 0.48638787646572207, 0.48638787646572207], "weighted": [0.48753216276524286, 0.47000745161111973, 0.48785968687423675, 0.48785968687423675], "test_loss": [0.9243740430457996, 1.040039726538085, 0.9577193457246478, 0.9543573486674679]}