{"micro": [0.7881873727087576, 0.7871690427698574, 0.7861507128309573, 0.7861507128309573], "macro": [0.7680224537367395, 0.7703460375221329, 0.7671182008136714, 0.7671182008136714], "weighted": [0.7880724454480638, 0.7873080910816066, 0.7860198265887776, 0.7860198265887776], "val_loss": [0.3199317022677391, 0.3474446193825814, 0.3427985222829926, 0.3427985222829926], "train_disc": [0.6920136148160924, 0.6873668813314594, 0.6789528379023401], "train_gen": [0.6357601050470696, 0.708213387942705, 0.7485684205274112], "train_class": [0.09100225022256049, 0.08531713673000127, 0.09078958314013937], "train_enc": [0.19995382566595338, 0.20989639218387707, 0.22234535510422754]}