{"micro": [0.7881873727087576, 0.785132382892057, 0.7810590631364562, 0.7810590631364562], "macro": [0.7680224537367395, 0.765263999632947, 0.7613737210322417, 0.7613737210322417], "weighted": [0.7880724454480638, 0.7848735815198558, 0.7810840681759234, 0.7810840681759234], "val_loss": [0.3199317022677391, 0.3356958275600787, 0.3377497881170242, 0.3377497881170242], "train_disc": [0.688419120233567, 0.7152396023599177, 0.6865780627141234], "train_gen": [0.5118361602389747, 0.6770528561430551, 0.7497946287764877], "train_class": [0.05630833907001983, 0.05715908158489101, 0.05784714653009111], "train_enc": [0.1929666899918207, 0.24312722226961062, 0.2654314002866953]}