{"micro": [0.5217242559014711, 0.5131713992473487, 0.5059869996578857, 0.5059869996578857], "macro": [0.4856537361470843, 0.4567020946061688, 0.48641753672397225, 0.48641753672397225], "weighted": [0.48753216276524286, 0.4580956403331959, 0.4880183301757673, 0.4880183301757673], "test_loss": [0.9246710640648024, 1.0139646456866969, 0.8834753782371354, 0.8858349227188714]}