{"micro": [0.5217242559014711, 0.5104344851180295, 0.5056448853917208, 0.5056448853917208], "macro": [0.4856537361470843, 0.47807625564639683, 0.4978534915798569, 0.4978534915798569], "weighted": [0.48753216276524286, 0.4792783609088004, 0.4993992049607937, 0.4993992049607937], "test_loss": [0.9203481162832083, 0.946105427917887, 0.8926278399965151, 0.8922302775044259]}