{"micro": [0.784114052953157, 0.7739307535641547, 0.7790224032586558, 0.7790224032586558], "macro": [0.7608354218880535, 0.7585356277293377, 0.7561955063133006, 0.7561955063133006], "weighted": [0.7831975049640395, 0.7767278572433624, 0.7776647131097668, 0.7776647131097668], "val_loss": [0.3180625357574994, 0.34467046131049434, 0.3210083022112808, 0.3210083022112808], "train_disc": [0.7836190947418005, 0.7445158763009994, 0.6842122403650336], "train_gen": [0.5156022022004987, 0.6484713818206161, 0.7417824633134519], "train_class": [0.16225350740788086, 0.16340767018130567, 0.16090356069998663], "train_enc": [0.3389278549314197, 0.40593952526811694, 0.451343013126342]}