{"micro": [0.7881873727087576, 0.780040733197556, 0.7830957230142567, 0.7830957230142567], "macro": [0.7680224537367395, 0.7633560152821873, 0.7602763200518302, 0.7602763200518302], "weighted": [0.7880724454480638, 0.7812201808553494, 0.7819491260571729, 0.7819491260571729], "val_loss": [0.3199317022677391, 0.3477832546998416, 0.34949380123326856, 0.34949380123326856], "train_disc": [0.7097435202754911, 0.7009185894590909, 0.6829406224964746], "train_gen": [0.6830821050320818, 0.7069484256004375, 0.7337851576466378], "train_class": [0.13705840655933313, 0.1304467273010908, 0.13347179283861255], "train_enc": [0.3008655224178658, 0.3033972435473093, 0.31356581003288103]}