{"micro": [0.7006500171057133, 0.7163872733492986, 0.7098871022921656, 0.7098871022921656], "macro": [0.693937311789688, 0.7073321938145959, 0.7038104230737646, 0.7038104230737646], "weighted": [0.6938860440442096, 0.7072657468418762, 0.7037538151364673, 0.7037538151364673], "val_loss": [0.5394048714816896, 0.49169288373099324, 0.5301669493032609, 0.5301669493032609], "train_disc": [0.6926607382102091, 0.6784763775888036, 0.6931489637640657], "train_gen": [0.6752093538560503, 0.6737229882693682, 0.6989278848705396], "train_class": [0.09611904568196646, 0.10134476906737018, 0.10793831546490636], "train_enc": [0.3277551774444476, 0.33029606400943196, 0.34433415238974524]}