{"micro": [0.7006500171057133, 0.7177557304139582, 0.7133082449538146, 0.7133082449538146], "macro": [0.693937311789688, 0.7106086974679777, 0.7085693815283095, 0.7085693815283095], "weighted": [0.6938860440442096, 0.710545987109074, 0.7085120008843598, 0.7085120008843598], "val_loss": [0.5394048714816896, 0.5111187250847048, 0.5131910049605891, 0.5131910049605891], "train_disc": [0.708020595253491, 0.6896786960096307, 0.6955673368902154], "train_gen": [0.5602901939485894, 0.6510997893380337, 0.6961046776484922], "train_class": [0.1436471030767498, 0.1711127025996401, 0.15269943786774828], "train_enc": [0.3519686489808755, 0.41110624609097757, 0.4244020566588543]}