{"micro": [0.7191241874786177, 0.7341772151898734, 0.7208347588094425, 0.7208347588094425], "macro": [0.7155659680326713, 0.7312463203405994, 0.7173019518808195, 0.7173019518808195], "weighted": [0.7155304445332323, 0.7312066445204422, 0.7172651134377085, 0.7172651134377085], "val_loss": [0.5088536884289622, 0.44932077742624477, 0.493069775534865, 0.493069775534865], "train_disc": [0.7240915047666414, 0.7355615933084748, 0.695782610301763], "train_gen": [0.6555803076165622, 0.7056469526447233, 0.7264522356413753], "train_class": [0.06433835019016526, 0.06092003159876404, 0.06237469406421881], "train_enc": [0.24171094474245292, 0.25433811602370987, 0.2615979645258742]}