{"micro": [0.784114052953157, 0.7759674134419552, 0.7729124236252546, 0.7729124236252546], "macro": [0.7608354218880535, 0.7576449331519964, 0.7531868732910448, 0.7531868732910448], "weighted": [0.7831975049640395, 0.7771941693512262, 0.7728833536330108, 0.7728833536330108], "val_loss": [0.3180625357574994, 0.3321903259643624, 0.325357576231322, 0.325357576231322], "train_disc": [0.7416912128365105, 0.69177815757814, 0.6307570787726856], "train_gen": [0.6238987960450636, 0.77650927129339, 0.8193007795537104], "train_class": [0.1050412226264757, 0.1014915378611596, 0.09911207045565863], "train_enc": [0.20881274090112883, 0.23649508860267576, 0.24314981739703423]}