{"micro": [0.484775915155662, 0.4413274033527198, 0.5053027711255559, 0.5053027711255559], "macro": [0.4784410011783771, 0.4058997090362559, 0.4939542262386441, 0.4939542262386441], "weighted": [0.4790137028736848, 0.4058880120199235, 0.49501076158650925, 0.49501076158650925], "test_loss": [0.8813089471045739, 1.1502224073383978, 0.8310161599370299, 0.8309671494478736]}