{"micro": [0.7191241874786177, 0.7232295586725966, 0.7307560725282244, 0.7307560725282244], "macro": [0.7155659680326713, 0.7182188059384199, 0.7270013157457681, 0.7270013157457681], "weighted": [0.7155304445332323, 0.718173551048941, 0.7269586327092808, 0.7269586327092808], "val_loss": [0.5088536884289622, 0.4896928892150277, 0.4840708504446217, 0.4840708504446217], "train_disc": [0.6828673670852119, 0.6869209626984727, 0.66306295030104], "train_gen": [0.6660946594561384, 0.7278679277076096, 0.7590822268053482], "train_class": [0.16154027160236745, 0.14757597985896256, 0.14883825482159366], "train_enc": [0.31290659300290824, 0.3216635712671801, 0.33191145410954626]}