{"micro": [0.7006500171057133, 0.7143345877523093, 0.7088607594936709, 0.7088607594936709], "macro": [0.693937311789688, 0.7065496163235309, 0.7011535176267406, 0.7011535176267406], "weighted": [0.6938860440442096, 0.7064862909798744, 0.7010948964120636, 0.7010948964120636], "val_loss": [0.5394048714816896, 0.5025937906237411, 0.5309676528384125, 0.5309676528384125], "train_disc": [0.7033129393077288, 0.6743749663478038, 0.647737774692598], "train_gen": [0.6819634414761444, 0.7264965792171291, 0.7541627763399009], "train_class": [0.1473832328300007, 0.1286544493231617, 0.13441748408183374], "train_enc": [0.2542992783863036, 0.24822288067614445, 0.25836654707707996]}