{"micro": [0.7881873727087576, 0.785132382892057, 0.7810590631364562, 0.7810590631364562], "macro": [0.7680224537367395, 0.7653357394781942, 0.7597870309857532, 0.7597870309857532], "weighted": [0.7880724454480638, 0.7847785430993082, 0.7806080797309263, 0.7806080797309263], "val_loss": [0.3199317022677391, 0.3417251072223148, 0.34670206177378854, 0.34670206177378854], "train_disc": [0.6581377080880879, 0.6960156416632438, 0.7011144851726261], "train_gen": [0.7161680121239418, 0.6855713536179131, 0.7119318943857496], "train_class": [0.09374501390250328, 0.09780267822490038, 0.0901106951117027], "train_enc": [0.2804719219442274, 0.2741332876551998, 0.27665706320864253]}