{"micro": [0.444064317482039, 0.46561751625042763, 0.4943551146082792, 0.4943551146082792], "macro": [0.43557260497499733, 0.45397679500061977, 0.5012848148338492, 0.5012848148338492], "weighted": [0.43521276381930213, 0.4541412781471409, 0.5018557883893161, 0.5018557883893161], "test_loss": [0.8637747650589448, 0.8825855103672527, 0.8275642678385875, 0.8273947214493986]}