{"micro": [0.7191241874786177, 0.7307560725282244, 0.7273349298665754, 0.7273349298665754], "macro": [0.7155659680326713, 0.7261727804518746, 0.7241172070872418, 0.7241172070872418], "weighted": [0.7155304445332323, 0.726127091947122, 0.7240779895706949, 0.7240779895706949], "val_loss": [0.5088536884289622, 0.4659210756685727, 0.49196098730619486, 0.49196098730619486], "train_disc": [0.689361049829285, 0.6916400695759091, 0.6729846603232004], "train_gen": [0.628733793243033, 0.7070362532073683, 0.7434099906129263], "train_class": [0.062175716863833164, 0.06000477979417707, 0.058725031657663525], "train_enc": [0.1754873354659706, 0.18941107913444602, 0.19566202676687083]}