{"micro": [0.5371193978788915, 0.5313034553540883, 0.531987683886418, 0.531987683886418], "macro": [0.5134591403780734, 0.5009568573404141, 0.5208667128802892, 0.5208667128802892], "weighted": [0.5151142176303327, 0.502434569196291, 0.522865814558403, 0.522865814558403], "test_loss": [0.8606530253678724, 0.9438171525144837, 0.8514275216991133, 0.8469477733953403]}