{"micro": [0.484775915155662, 0.49572357167293873, 0.528908655490934, 0.528908655490934], "macro": [0.4784410011783771, 0.4833137226901205, 0.5308756762337575, 0.5308756762337575], "weighted": [0.4790137028736848, 0.484209245581704, 0.5323452798713653, 0.5323452798713653], "test_loss": [0.8823030208303628, 0.8445325953061463, 0.7528514353955378, 0.7519482257750516]}