{"micro": [0.7006500171057133, 0.715018816284639, 0.7146767020184743, 0.7146767020184743], "macro": [0.693937311789688, 0.7072775039509266, 0.7075618912141645, 0.7075618912141645], "weighted": [0.6938860440442096, 0.707216229039744, 0.7075028747640957, 0.7075028747640957], "val_loss": [0.5394048714816896, 0.50367439244085, 0.518107746763389, 0.518107746763389], "train_disc": [0.6990212456124728, 0.6673306793463035, 0.6404180396450022], "train_gen": [0.7047255840457853, 0.7400583657410627, 0.766719625947254], "train_class": [0.15581163424041752, 0.1429021998914213, 0.15562253313067834], "train_enc": [0.2655944302270973, 0.2623334377189803, 0.2778419559933449]}