{"micro": [0.484775915155662, 0.49982894286691754, 0.5224084844338008, 0.5224084844338008], "macro": [0.4784410011783771, 0.4854828623302754, 0.5250874378531812, 0.5250874378531812], "weighted": [0.4790137028736848, 0.486432427481373, 0.5264553016978952, 0.5264553016978952], "test_loss": [0.8830934914409138, 0.9013175428565082, 0.7810260434456862, 0.7833129390667045]}