{"micro": [0.7881873727087576, 0.7892057026476579, 0.785132382892057, 0.785132382892057], "macro": [0.7680224537367395, 0.7711083395322317, 0.7597105480268908, 0.7597105480268908], "weighted": [0.7880724454480638, 0.7895364924567988, 0.7829857847059805, 0.7829857847059805], "val_loss": [0.3199317022677391, 0.3421939648086986, 0.3501931638607094, 0.3501931638607094], "train_disc": [0.6781513466209662, 0.69157289872404, 0.7033571079780495], "train_gen": [0.7502130318860538, 0.705293701320398, 0.723850423195323], "train_class": [0.13735703006386757, 0.1433975580937224, 0.1456214588318692], "train_enc": [0.3824994394688007, 0.3681560240156664, 0.37691305341616355]}