{"micro": [0.484775915155662, 0.4858022579541567, 0.5278823126924392, 0.5278823126924392], "macro": [0.4784410011783771, 0.47187660003753473, 0.5235584103619066, 0.5235584103619066], "weighted": [0.4790137028736848, 0.47260423525377215, 0.5250977142484407, 0.5250977142484407], "test_loss": [0.8818751676160781, 0.9450632630150175, 0.7972215334248673, 0.7958629440740158]}