{"micro": [0.7006500171057133, 0.7136503592199795, 0.7105713308244954, 0.7105713308244954], "macro": [0.693937311789688, 0.7057813759948752, 0.7041645886202655, 0.7041645886202655], "weighted": [0.6938860440442096, 0.7057175267376273, 0.7041062383639412, 0.7041062383639412], "val_loss": [0.5394048714816896, 0.5089723336016708, 0.5110803100132877, 0.5110803100132877], "train_disc": [0.6824370228527673, 0.6953952481837872, 0.6773645454417161], "train_gen": [0.6244081965561121, 0.6891652247944816, 0.7251022233337653], "train_class": [0.09049466961760665, 0.09776762521779928, 0.1009193553787763], "train_enc": [0.25066873333493217, 0.2751869118767358, 0.2881742259029482]}