{"micro": [0.7191241874786177, 0.7245980157372562, 0.721861101607937, 0.721861101607937], "macro": [0.7155659680326713, 0.720180357793199, 0.7183194948554568, 0.7183194948554568], "weighted": [0.7155304445332323, 0.720136305891599, 0.718279620582569, 0.718279620582569], "val_loss": [0.5088536884289622, 0.47904116293934523, 0.5027063680924678, 0.5027063680924678], "train_disc": [0.6747992028955554, 0.6772180342934823, 0.6677051320102045], "train_gen": [0.7418150576085992, 0.7474093258055181, 0.7612063158405283], "train_class": [0.1048399401024554, 0.10480968163557391, 0.10391401774326309], "train_enc": [0.23223496908372868, 0.2333296161206042, 0.23537248185749263]}