{"micro": [0.7881873727087576, 0.785132382892057, 0.7810590631364562, 0.7810590631364562], "macro": [0.7680224537367395, 0.7646701311904621, 0.7593975146322283, 0.7593975146322283], "weighted": [0.7880724454480638, 0.7847737354601216, 0.7803418069579192, 0.7803418069579192], "val_loss": [0.3199317022677391, 0.34068667209677156, 0.35103732792119824, 0.35103732792119824], "train_disc": [0.7056127050535275, 0.7220679583445273, 0.6944462047900007], "train_gen": [0.5563501228725976, 0.6950267631499494, 0.7593549753798813], "train_class": [0.0932403823839185, 0.09910481835364318, 0.0999415589018109], "train_enc": [0.27848428438921446, 0.3374736051741845, 0.3637069328560855]}