{"micro": [0.7006500171057133, 0.7074923024290114, 0.7102292165583306, 0.7102292165583306], "macro": [0.693937311789688, 0.700006665839335, 0.7044629420205918, 0.7044629420205918], "weighted": [0.6938860440442096, 0.6999499749150718, 0.7044094724662767, 0.7044094724662767], "val_loss": [0.5394048714816896, 0.5310688847930379, 0.5238334074860713, 0.5238334074860713], "train_disc": [0.7147660216347116, 0.6977792538580347, 0.6864867174560255], "train_gen": [0.6401655895462453, 0.6995390884863223, 0.6946596646569466], "train_class": [0.15746944120835737, 0.15983511458654873, 0.1651684181978468], "train_enc": [0.39881751446124636, 0.42968710051859665, 0.42991404145793183]}