{"micro": [0.5217242559014711, 0.49674991447143346, 0.5029079712624016, 0.5029079712624016], "macro": [0.4856537361470843, 0.4581443149253103, 0.4980080157591262, 0.4980080157591262], "weighted": [0.48753216276524286, 0.45899855286520025, 0.5011386149325365, 0.5011386149325365], "test_loss": [0.9219942633571521, 1.0062964532544705, 0.833418758921936, 0.8353599108796302]}