{"micro": [0.7146767020184743, 0.7252822442695861, 0.7198084160109477, 0.7198084160109477], "macro": [0.7090588067313545, 0.7185356343039401, 0.7146898318026139, 0.7146898318026139], "weighted": [0.7090099133853446, 0.7184786612163603, 0.7146406147661701, 0.7146406147661701], "val_loss": [0.5162050127270607, 0.4943703987376123, 0.501629422780106, 0.501629422780106], "train_disc": [0.7062086700741711, 0.6675682937512633, 0.7070623395221481], "train_gen": [0.646257116169226, 0.6410007892084904, 0.6613813212009075], "train_class": [0.14178774575066697, 0.14777683603063307, 0.1428685506062755], "train_enc": [0.39402243006424825, 0.3943888121615342, 0.40212493532342336]}