{"micro": [0.444064317482039, 0.46767020184741703, 0.5114608279165241, 0.5114608279165241], "macro": [0.43557260497499733, 0.43933334665725776, 0.5067795084361186, 0.5067795084361186], "weighted": [0.43521276381930213, 0.43958175146565526, 0.5078257734910155, 0.5078257734910155], "test_loss": [0.8643875167669495, 0.9159460210246466, 0.7813217594323913, 0.7805061636726713]}