{"micro": [0.7146767020184743, 0.728703386931235, 0.7228874444064317, 0.7228874444064317], "macro": [0.7090588067313545, 0.7221577510393159, 0.7178365804067085, 0.7178365804067085], "weighted": [0.7090099133853446, 0.7221015726418278, 0.7177861617260117, 0.7177861617260117], "val_loss": [0.5162050127270607, 0.49305900672827263, 0.4957755764773309, 0.4957755764773309], "train_disc": [0.7015206918038958, 0.6974283639199096, 0.6830419552782194], "train_gen": [0.5863768215713605, 0.700499690621277, 0.7188889696949818], "train_class": [0.1393775786654871, 0.15823549496345832, 0.16060546655309657], "train_enc": [0.3628771995586124, 0.429367593403071, 0.43974721985436527]}