{"micro": [0.7191241874786177, 0.725966472801916, 0.7174136161477933, 0.7174136161477933], "macro": [0.7155659680326713, 0.7214201855551682, 0.7141306387169082, 0.7141306387169082], "weighted": [0.7155304445332323, 0.7213791995825681, 0.714099600035985, 0.714099600035985], "val_loss": [0.5088536884289622, 0.45892395212472786, 0.5073584370681496, 0.5073584370681496], "train_disc": [0.7408898394615924, 0.7315677117780258, 0.6806098011022057], "train_gen": [0.5397232244900667, 0.7238286271121332, 0.744956126955689], "train_class": [0.07986698373948616, 0.07801079217731301, 0.07256541190455194], "train_enc": [0.3097951050664558, 0.4009197100264127, 0.40876076879397116]}