{"micro": [0.784114052953157, 0.769857433808554, 0.7759674134419552, 0.7759674134419552], "macro": [0.7608354218880535, 0.7499112082047089, 0.7530729578438101, 0.7530729578438101], "weighted": [0.7831975049640395, 0.7703782806430203, 0.7747560854156047, 0.7747560854156047], "val_loss": [0.3180625357574994, 0.3218371440326014, 0.3106865894890601, 0.3106865894890601], "train_disc": [0.7191717934087326, 0.6914426687636662, 0.6741071470448228], "train_gen": [0.5730707474419328, 0.6539939111047756, 0.8180035922696681], "train_class": [0.0642573117924844, 0.06716790186658583, 0.07752313899497192], "train_enc": [0.2677826913979536, 0.3018983126175208, 0.37371532822567255]}