{"micro": [0.5217242559014711, 0.4816968867601779, 0.515224084844338, 0.515224084844338], "macro": [0.4856537361470843, 0.44692854216517414, 0.4913174451497247, 0.4913174451497247], "weighted": [0.48753216276524286, 0.4476515275305644, 0.4928084172838643, 0.4928084172838643], "test_loss": [0.9238492434467774, 0.9595728598005785, 0.8314787375796688, 0.8285799252856625]}