{"micro": [0.7146767020184743, 0.7204926445432774, 0.7252822442695861, 0.7252822442695861], "macro": [0.7090588067313545, 0.7139091672723907, 0.7192585901285024, 0.7192585901285024], "weighted": [0.7090099133853446, 0.713852607394663, 0.7192030342444032, 0.7192030342444032], "val_loss": [0.5162050127270607, 0.5003433523628392, 0.4871594793585643, 0.4871594793585643], "train_disc": [0.716026205182727, 0.689320358747993, 0.6654784389532329], "train_gen": [0.6175016835739052, 0.7040020611768212, 0.7199423958043583], "train_class": [0.09103240032013649, 0.08078084741540946, 0.07959824742474517], "train_enc": [0.19632626084682067, 0.20542509397848055, 0.20766708132673484]}