{"micro": [0.444064317482039, 0.4923024290112898, 0.5179609989736572, 0.5179609989736572], "macro": [0.43557260497499733, 0.45597543159604675, 0.5128693705781556, 0.5128693705781556], "weighted": [0.43521276381930213, 0.45666820589832874, 0.514942898810255, 0.514942898810255], "test_loss": [0.8652509794534882, 0.8793755235567771, 0.7775044613848618, 0.7756637883642332]}