{"micro": [0.784114052953157, 0.7729124236252546, 0.7769857433808554, 0.7769857433808554], "macro": [0.7608354218880535, 0.7533638160072464, 0.7530358965463496, 0.7530358965463496], "weighted": [0.7831975049640395, 0.7734959156951666, 0.7754382687951741, 0.7754382687951741], "val_loss": [0.3180625357574994, 0.3325491438830091, 0.32456559832057646, 0.32456559832057646], "train_disc": [0.6986737586761433, 0.690528518189498, 0.719675520730149], "train_gen": [0.5634225592261455, 0.5738010945541611, 0.7028863684075778], "train_class": [0.14631828103886277, 0.16005112192099863, 0.16568376531040735], "train_enc": [0.35487042049892614, 0.3669261085531099, 0.4342850663297163]}