{"micro": [0.484775915155662, 0.447485460143688, 0.48717071501881626, 0.48717071501881626], "macro": [0.4784410011783771, 0.4194312551371346, 0.4747983679100587, 0.4747983679100587], "weighted": [0.4790137028736848, 0.41940371985379027, 0.4754987523826154, 0.4754987523826154], "test_loss": [0.8826430768914562, 1.0679046376481083, 0.9129041228138033, 0.9134128645795291]}