{"micro": [0.784114052953157, 0.774949083503055, 0.7739307535641547, 0.7739307535641547], "macro": [0.7608354218880535, 0.7547830233789045, 0.7456710208503857, 0.7456710208503857], "weighted": [0.7831975049640395, 0.7753718588519153, 0.7711078878396687, 0.7711078878396687], "val_loss": [0.3180625357574994, 0.32539682168393363, 0.3216946518589412, 0.3216946518589412], "train_disc": [0.6725695602229385, 0.6809341256084338, 0.7270881159058034], "train_gen": [0.5444782943022056, 0.654249998063989, 0.6395844846475319], "train_class": [0.11522481652597587, 0.12606949946471577, 0.1293597966636139], "train_enc": [0.32985155601970484, 0.3901597482910573, 0.38447214019754544]}