{"micro": [0.7191241874786177, 0.7304139582620595, 0.7283612726650701, 0.7283612726650701], "macro": [0.7155659680326713, 0.726040888919068, 0.7248026893105695, 0.7248026893105695], "weighted": [0.7155304445332323, 0.7259976513942089, 0.7247614686197303, 0.7247614686197303], "val_loss": [0.5088536884289622, 0.47637365053056696, 0.4992852295784514, 0.4992852295784514], "train_disc": [0.7112199683658412, 0.6935252426751976, 0.6651081631743843], "train_gen": [0.6307585750772653, 0.7362109250058242, 0.7546881968206395], "train_class": [0.16974460382442005, 0.16760523328201368, 0.16892532670432753], "train_enc": [0.35415020145353726, 0.3950475223077451, 0.4032304853689475]}