{"micro": [0.5217242559014711, 0.5107765993841943, 0.5042764283270612, 0.5042764283270612], "macro": [0.4856537361470843, 0.4764417301906511, 0.5003454037797183, 0.5003454037797183], "weighted": [0.48753216276524286, 0.47801413232997464, 0.5024228860058675, 0.5024228860058675], "test_loss": [0.9231543075191518, 0.9146555061223077, 0.8355066089030824, 0.8375039011077151]}