{"micro": [0.48785494355114606, 0.4789599726308587, 0.4868286007526514, 0.4868286007526514], "macro": [0.4531007068172109, 0.4240024941352769, 0.4787312157384125, 0.4787312157384125], "weighted": [0.45599860645978696, 0.4263789199995457, 0.48188148698667005, 0.48188148698667005], "test_loss": [0.989762312890402, 1.077322265978068, 0.9782095432607203, 0.9803479668872604]}