{"micro": [0.5217242559014711, 0.5248032842969552, 0.5162504276428327, 0.5162504276428327], "macro": [0.4856537361470843, 0.4675651773108063, 0.4967011455092174, 0.4967011455092174], "weighted": [0.48753216276524286, 0.469071489791084, 0.4986578675275811, 0.4986578675275811], "test_loss": [0.9234088774912995, 1.0496380777388323, 0.9014613239165864, 0.9045530850770044]}