{"micro": [0.484775915155662, 0.45774888812863496, 0.5035921997947315, 0.5035921997947315], "macro": [0.4784410011783771, 0.43769080148252676, 0.49850463979649184, 0.49850463979649184], "weighted": [0.4790137028736848, 0.43769409276506854, 0.49952167924425034, 0.49952167924425034], "test_loss": [0.8810434548255525, 0.9802254444914438, 0.8476283483492221, 0.8452587526678388]}