{"micro": [0.5371193978788915, 0.5343824837495723, 0.5378036264112214, 0.5378036264112214], "macro": [0.5134591403780734, 0.5060835806577456, 0.5257112389737272, 0.5257112389737272], "weighted": [0.5151142176303327, 0.507551080975652, 0.5276466424091707, 0.5276466424091707], "test_loss": [0.8573034475735628, 0.8952364675659951, 0.8080993924961716, 0.8084410837764948]}