{"micro": [0.48785494355114606, 0.49196031474512486, 0.48717071501881626, 0.48717071501881626], "macro": [0.4531007068172109, 0.460159335444655, 0.47714521560194906, 0.47714521560194906], "weighted": [0.45599860645978696, 0.4631131615415623, 0.48047247526094833, 0.48047247526094833], "test_loss": [0.9906257081552933, 1.0626691957640517, 0.9868681390103096, 0.9850038026199966]}