{"micro": [0.5371193978788915, 0.52514539856312, 0.531987683886418, 0.531987683886418], "macro": [0.5134591403780734, 0.5004934816659493, 0.5232055615753005, 0.5232055615753005], "weighted": [0.5151142176303327, 0.5018823882487308, 0.5248808344437859, 0.5248808344437859], "test_loss": [0.8599273296978955, 0.9736258524363158, 0.8634894006564969, 0.8637825991612315]}