{"micro": [0.5371193978788915, 0.5354088265480671, 0.5419089976052002, 0.5419089976052002], "macro": [0.5134591403780734, 0.5007947789329541, 0.5245673513523661, 0.5245673513523661], "weighted": [0.5151142176303327, 0.5022800201223274, 0.5266392674183819, 0.5266392674183819], "test_loss": [0.8589409264059015, 0.9623379947546401, 0.846766870367071, 0.846343619250209]}