{"micro": [0.7006500171057133, 0.7170715018816284, 0.7146767020184743, 0.7146767020184743], "macro": [0.693937311789688, 0.7085134277914508, 0.7079249637011703, 0.7079249637011703], "weighted": [0.6938860440442096, 0.7084491358615876, 0.7078657125316569, 0.7078657125316569], "val_loss": [0.5394048714816896, 0.5046561036177509, 0.516791016789652, 0.516791016789652], "train_disc": [0.663278646807853, 0.6733258614123193, 0.6852737443694652], "train_gen": [0.8100678539666973, 0.7299340829823187, 0.7311213544157685], "train_class": [0.13957252172254475, 0.13634247654448442, 0.14186895808683392], "train_enc": [0.3407211294753955, 0.3144199660078424, 0.31864468566055504]}