{"micro": [0.444064317482039, 0.393089291823469, 0.5046185425932261, 0.5046185425932261], "macro": [0.43557260497499733, 0.3521136501592212, 0.5061293887753647, 0.5061293887753647], "weighted": [0.43521276381930213, 0.3506976450720867, 0.5078820417977782, 0.5078820417977782], "test_loss": [0.8650967713262214, 1.0877072138538777, 0.756685752197693, 0.7586433809311663]}