{"micro": [0.444064317482039, 0.42969551830311326, 0.484775915155662, 0.484775915155662], "macro": [0.43557260497499733, 0.41962152502940436, 0.4876569937966903, 0.4876569937966903], "weighted": [0.43521276381930213, 0.41846505452907157, 0.4883568699159845, 0.4883568699159845], "test_loss": [0.864490687521429, 0.9551982097938413, 0.8942123345338582, 0.8934492758714436]}