{"micro": [0.48785494355114606, 0.4929866575436196, 0.488197057817311, 0.488197057817311], "macro": [0.4531007068172109, 0.4594995704440981, 0.47582845809946983, 0.47582845809946983], "weighted": [0.45599860645978696, 0.46116960105073806, 0.4784660687156929, 0.4784660687156929], "test_loss": [0.9879216833518503, 1.0724192699773716, 1.0210532617699253, 1.0223905623284846]}