{"micro": [0.7146767020184743, 0.7297297297297297, 0.7235716729387616, 0.7235716729387616], "macro": [0.7090588067313545, 0.7226619047755909, 0.7181022615252566, 0.7181022615252566], "weighted": [0.7090099133853446, 0.7226030841024409, 0.7180488819540427, 0.7180488819540427], "val_loss": [0.5162050127270607, 0.47397660599420954, 0.4931708371643323, 0.4931708371643323], "train_disc": [0.6984007977397064, 0.6743279682482527, 0.6501704532592023], "train_gen": [0.603564802740441, 0.6967529690330797, 0.7290563065497602], "train_class": [0.13143062689265267, 0.13402433503073097, 0.12309912807954465], "train_enc": [0.27307088420690734, 0.30284293264639184, 0.3048862891444743]}