{"micro": [0.5217242559014711, 0.5179609989736572, 0.5196715703044817, 0.5196715703044817], "macro": [0.4856537361470843, 0.4719543982999432, 0.4855996721306323, 0.4855996721306323], "weighted": [0.48753216276524286, 0.4735449314797404, 0.48725760900587445, 0.48725760900587445], "test_loss": [0.9220358747276453, 0.9984720168543644, 0.9763549927805291, 0.9767143951087701]}