{"micro": [0.7881873727087576, 0.7780040733197556, 0.784114052953157, 0.784114052953157], "macro": [0.7680224537367395, 0.7617130097513022, 0.7621926216378991, 0.7621926216378991], "weighted": [0.7880724454480638, 0.7793632114243074, 0.7832633405214986, 0.7832633405214986], "val_loss": [0.3199317022677391, 0.3487647557931562, 0.3462636797058006, 0.3462636797058006], "train_disc": [0.6725801545414117, 0.6573436973524875, 0.6738552545589176], "train_gen": [0.6195547724030709, 0.7277927470337497, 0.7466516950742794], "train_class": [0.14113894827623186, 0.12988030380197887, 0.1322859137069658], "train_enc": [0.23682211648896745, 0.24946279799351928, 0.25515907563147]}