{"micro": [0.48785494355114606, 0.49264454327745466, 0.4936708860759494, 0.4936708860759494], "macro": [0.4531007068172109, 0.46152048217726693, 0.4679299122110698, 0.4679299122110698], "weighted": [0.45599860645978696, 0.46343355067418057, 0.47046844905333307, 0.47046844905333307], "test_loss": [0.9889239973383523, 1.0513283182037332, 1.017872533267313, 1.0169352631751305]}