{"micro": [0.784114052953157, 0.7688391038696537, 0.7729124236252546, 0.7729124236252546], "macro": [0.7608354218880535, 0.7509917841604009, 0.7465155339541566, 0.7465155339541566], "weighted": [0.7831975049640395, 0.7696163861778645, 0.7708553290226247, 0.7708553290226247], "val_loss": [0.3180625357574994, 0.3224293793882093, 0.3171452116822043, 0.3171452116822043], "train_disc": [0.6995775002599414, 0.707640573626659, 0.6832807953240442], "train_gen": [0.507672661640605, 0.6544640324806255, 0.7063883904550896], "train_class": [0.06284946955923663, 0.0643550104059564, 0.07114387529551006], "train_enc": [0.196296432712039, 0.2413877240621327, 0.2617172376542795]}