{"micro": [0.484775915155662, 0.47519671570304484, 0.522066370167636, 0.522066370167636], "macro": [0.4784410011783771, 0.4582561161926156, 0.5343184044307218, 0.5343184044307218], "weighted": [0.4790137028736848, 0.4589190879113071, 0.535825539876919, 0.535825539876919], "test_loss": [0.8833132161468756, 0.8940522489977665, 0.7269298404943748, 0.725886370722062]}