{"micro": [0.7146767020184743, 0.7232295586725966, 0.721861101607937, 0.721861101607937], "macro": [0.7090588067313545, 0.7170659826401976, 0.7176649645512821, 0.7176649645512821], "weighted": [0.7090099133853446, 0.717012013845957, 0.7176163715726849, 0.7176163715726849], "val_loss": [0.5162050127270607, 0.46023863339236853, 0.4898544931835164, 0.4898544931835164], "train_disc": [0.7254738032492132, 0.6931547545344452, 0.6899144154428785], "train_gen": [0.5342039519646129, 0.7347088798147733, 0.7268428734091462], "train_class": [0.060040130799056075, 0.057142069934780805, 0.055676944497870945], "train_enc": [0.24970566306283565, 0.32816880037550067, 0.32414332260199585]}