{"micro": [0.7191241874786177, 0.7304139582620595, 0.7314403010605544, 0.7314403010605544], "macro": [0.7155659680326713, 0.7258994080351634, 0.7279334517663764, 0.7279334517663764], "weighted": [0.7155304445332323, 0.725852593957994, 0.7278917399200234, 0.7278917399200234], "val_loss": [0.5088536884289622, 0.4744615931918875, 0.48753295624068854, 0.48753295624068854], "train_disc": [0.7173518613387978, 0.6961904350525695, 0.6602897569130027], "train_gen": [0.6409504934738243, 0.721962221333238, 0.7630244473941991], "train_class": [0.16604667523356734, 0.1665739983605231, 0.15118282113244624], "train_enc": [0.2610274428715471, 0.2776516491923827, 0.27355115148213394]}