{"micro": [0.444064317482039, 0.4491960314745125, 0.5029079712624016, 0.5029079712624016], "macro": [0.43557260497499733, 0.4392093919085953, 0.5100134513692473, 0.5100134513692473], "weighted": [0.43521276381930213, 0.4391566249735596, 0.5112013865975273, 0.5112013865975273], "test_loss": [0.8657448291778564, 0.900000562759045, 0.8252028239880754, 0.8255969557931514]}