{"micro": [0.7881873727087576, 0.7861507128309573, 0.7820773930753564, 0.7820773930753564], "macro": [0.7680224537367395, 0.7683760677984379, 0.7606262593976677, 0.7606262593976677], "weighted": [0.7880724454480638, 0.7865244839260226, 0.7815177306839756, 0.7815177306839756], "val_loss": [0.3199317022677391, 0.34668849552831343, 0.34598420608428215, 0.34598420608428215], "train_disc": [0.6932497884406418, 0.661010922955685, 0.6830186426965266], "train_gen": [0.7245115022190282, 0.7454738027411081, 0.7345083388474469], "train_class": [0.12063597240408913, 0.12346331107486141, 0.12546528635617812], "train_enc": [0.3017986397274205, 0.3100664669372996, 0.30817820897193554]}