{"micro": [0.7006500171057133, 0.7133082449538146, 0.7102292165583306, 0.7102292165583306], "macro": [0.693937311789688, 0.7063962615457156, 0.7036204924055349, 0.7036204924055349], "weighted": [0.6938860440442096, 0.7063351918066606, 0.7035632479685944, 0.7035632479685944], "val_loss": [0.5394048714816896, 0.5214075947719845, 0.5269247717503968, 0.5269247717503968], "train_disc": [0.6825251325232083, 0.7126504681149467, 0.6992435585605642], "train_gen": [0.6058418320827796, 0.6392828203289886, 0.6905225170114653], "train_class": [0.1336239116480116, 0.14083612970804257, 0.13906193255889612], "train_enc": [0.32251108783841786, 0.34021481464469366, 0.3596461767055949]}