{"micro": [0.784114052953157, 0.769857433808554, 0.7780040733197556, 0.7780040733197556], "macro": [0.7608354218880535, 0.7524838147772143, 0.7508441567900924, 0.7508441567900924], "weighted": [0.7831975049640395, 0.7710228348563641, 0.7756626318961489, 0.7756626318961489], "val_loss": [0.3180625357574994, 0.3298634267862766, 0.3265084001806475, 0.3265084001806475], "train_disc": [0.724510438780967, 0.7158921295827855, 0.6843181630301345], "train_gen": [0.48546412440597037, 0.6680967335492536, 0.7325099250657963], "train_class": [0.16250237684106567, 0.16664033910371567, 0.17191416403797807], "train_enc": [0.32398325058280447, 0.417368537252718, 0.45221204445010327]}