{"micro": [0.784114052953157, 0.7780040733197556, 0.7769857433808554, 0.7769857433808554], "macro": [0.7608354218880535, 0.7605363424613606, 0.7553233733684861, 0.7553233733684861], "weighted": [0.7831975049640395, 0.7792896789576783, 0.7764174037071148, 0.7764174037071148], "val_loss": [0.3180625357574994, 0.3373901770720559, 0.3284175182662664, 0.3284175182662664], "train_disc": [0.7462903169986329, 0.6870420128921342, 0.6539323580721037], "train_gen": [0.5968284017401315, 0.7042771414980862, 0.7338842462972214], "train_class": [0.15909665399561815, 0.14722285427845241, 0.14335654616925886], "train_enc": [0.2904161823903277, 0.31433914837941446, 0.32051486298034754]}