{"micro": [0.5371193978788915, 0.5360930550803968, 0.5265138556277796, 0.5265138556277796], "macro": [0.5134591403780734, 0.5063271702274204, 0.5161786196113345, 0.5161786196113345], "weighted": [0.5151142176303327, 0.5079415297603034, 0.5180507011570235, 0.5180507011570235], "test_loss": [0.8629901087512084, 0.9137229485427095, 0.8537073936618742, 0.8513724681783895]}