{"micro": [0.7191241874786177, 0.725624358535751, 0.7208347588094425, 0.7208347588094425], "macro": [0.7155659680326713, 0.7212640960067755, 0.7173418032394095, 0.7173418032394095], "weighted": [0.7155304445332323, 0.7212196874874685, 0.7173028775635645, 0.7173028775635645], "val_loss": [0.5088536884289622, 0.48553303486662486, 0.5077128035367512, 0.5077128035367512], "train_disc": [0.6902737187557533, 0.6998661753258418, 0.6839518312548027], "train_gen": [0.6168689975321618, 0.6992800467001284, 0.7140177061648968], "train_class": [0.17017013891065708, 0.1619410092428408, 0.1690509330094512], "train_enc": [0.34884969035132984, 0.3768766338382262, 0.3870376511349704]}