{"micro": [0.5217242559014711, 0.5206979131029764, 0.5128292849811837, 0.5128292849811837], "macro": [0.4856537361470843, 0.47266262109796675, 0.47960897231504634, 0.47960897231504634], "weighted": [0.48753216276524286, 0.47434991637918983, 0.4811797833703377, 0.4811797833703377], "test_loss": [0.9203325304828707, 0.9924355067841993, 0.9597861335251501, 0.9565936055014043]}