{"micro": [0.7146767020184743, 0.7273349298665754, 0.7235716729387616, 0.7235716729387616], "macro": [0.7090588067313545, 0.7219004416405581, 0.7176152423570706, 0.7176152423570706], "weighted": [0.7090099133853446, 0.7218477812267894, 0.7175590280386598, 0.7175590280386598], "val_loss": [0.5162050127270607, 0.49181379182416884, 0.4951271929376112, 0.4951271929376112], "train_disc": [0.6502293234314424, 0.6618050988254651, 0.7234064956180385], "train_gen": [0.6787851661280856, 0.6464118775122804, 0.6318340428539964], "train_class": [0.1380353774570051, 0.15288935398143497, 0.14097619270447825], "train_enc": [0.35433530188649076, 0.35029837065707137, 0.3373193392336694]}