{"micro": [0.784114052953157, 0.7759674134419552, 0.7718940936863543, 0.7718940936863543], "macro": [0.7608354218880535, 0.757180012790423, 0.7492005831333053, 0.7492005831333053], "weighted": [0.7831975049640395, 0.77643353732872, 0.7713069700360223, 0.7713069700360223], "val_loss": [0.3180625357574994, 0.3341438069699272, 0.3300430628681375, 0.3300430628681375], "train_disc": [0.6888127307422826, 0.6672020062722795, 0.6398420731226603], "train_gen": [0.584351788778774, 0.7419253620293622, 0.783671612622308], "train_class": [0.156722708844422, 0.14832565501902273, 0.14573034078208474], "train_enc": [0.2850114375841422, 0.3264055722723893, 0.33711272925952745]}