{"micro": [0.444064317482039, 0.49811837153609306, 0.5053027711255559, 0.5053027711255559], "macro": [0.43557260497499733, 0.4957930359389322, 0.5131980901462967, 0.5131980901462967], "weighted": [0.43521276381930213, 0.49640185808362547, 0.5141682665420899, 0.5141682665420899], "test_loss": [0.8641956212416373, 0.7852912582660634, 0.7882595453105989, 0.7882118720174487]}