{"micro": [0.444064317482039, 0.46322271638727336, 0.5104344851180295, 0.5104344851180295], "macro": [0.43557260497499733, 0.45703590953436324, 0.5171309271290807, 0.5171309271290807], "weighted": [0.43521276381930213, 0.45707518704887007, 0.5183444321181901, 0.5183444321181901], "test_loss": [0.8658582006321579, 0.8683372420039984, 0.8073055903768279, 0.8128020615199876]}