{"micro": [0.7006500171057133, 0.7068080738966815, 0.7088607594936709, 0.7088607594936709], "macro": [0.693937311789688, 0.6987576972311723, 0.70206499400494, 0.70206499400494], "weighted": [0.6938860440442096, 0.6986987075623152, 0.7020064681990985, 0.7020064681990985], "val_loss": [0.5394048714816896, 0.5370603588211244, 0.5230608824945864, 0.5230608824945864], "train_disc": [0.6991423749532856, 0.6880330023218374, 0.6880827949998157], "train_gen": [0.5884933172027922, 0.6661454533618656, 0.6872477108012132], "train_class": [0.1560362305268238, 0.1572733815616923, 0.15538150975938703], "train_enc": [0.32901907097446464, 0.3608222219461952, 0.3681280003870771]}