{"micro": [0.444064317482039, 0.46732808758125216, 0.5029079712624016, 0.5029079712624016], "macro": [0.43557260497499733, 0.4573364994794398, 0.5077030589120626, 0.5077030589120626], "weighted": [0.43521276381930213, 0.4574247028994536, 0.5082695290093209, 0.5082695290093209], "test_loss": [0.8652515145924573, 0.877732120576452, 0.8085373698687944, 0.8074697474312913]}