{"micro": [0.7191241874786177, 0.7304139582620595, 0.7242559014710912, 0.7242559014710912], "macro": [0.7155659680326713, 0.7268653530781956, 0.7206659524173937, 0.7206659524173937], "weighted": [0.7155304445332323, 0.7268246624648902, 0.720626159343843, 0.720626159343843], "val_loss": [0.5088536884289622, 0.4863893610674664, 0.5072931840079404, 0.5072931840079404], "train_disc": [0.6935888196601242, 0.6928083437388061, 0.6691511250584503], "train_gen": [0.619793476302767, 0.706955987247613, 0.7364380395477587], "train_class": [0.15499597032620607, 0.1575736587897676, 0.1427357377983182], "train_enc": [0.3409149809613254, 0.37732659972430577, 0.38021666837520285]}