{"micro": [0.48785494355114606, 0.49332877180978446, 0.48922340061580566, 0.48922340061580566], "macro": [0.4531007068172109, 0.46811618344947004, 0.4730558697132276, 0.4730558697132276], "weighted": [0.45599860645978696, 0.47059697389899074, 0.47601294185218873, 0.47601294185218873], "test_loss": [0.9879108112040764, 0.9665060014021202, 0.9648027584526708, 0.9663393450239317]}