{"micro": [0.784114052953157, 0.7790224032586558, 0.7820773930753564, 0.7820773930753564], "macro": [0.7608354218880535, 0.7591281725474969, 0.7612784287415799, 0.7612784287415799], "weighted": [0.7831975049640395, 0.7788934627819041, 0.7817397668893666, 0.7817397668893666], "val_loss": [0.3180625357574994, 0.33375694542642564, 0.3311326384784714, 0.3311326384784714], "train_disc": [0.6852996678300243, 0.681961068038732, 0.6381591792966499], "train_gen": [0.6489501465213755, 0.7300628589802101, 0.7999906347749012], "train_class": [0.15638634375210017, 0.1471625072423552, 0.14809719939293758], "train_enc": [0.25489910891472967, 0.26374258149842744, 0.27847589055697125]}