{"micro": [0.5371193978788915, 0.44543277454669855, 0.5224084844338008, 0.5224084844338008], "macro": [0.5134591403780734, 0.40165712680720317, 0.5160212199858046, 0.5160212199858046], "weighted": [0.5151142176303327, 0.4010211494862992, 0.5174781642798548, 0.5174781642798548], "test_loss": [0.8585290078256951, 1.3141949968259843, 0.8063709582787394, 0.8045258183296913]}