{"micro": [0.5371193978788915, 0.5326719124187479, 0.5333561409510776, 0.5333561409510776], "macro": [0.5134591403780734, 0.5096760775249826, 0.5229784438988787, 0.5229784438988787], "weighted": [0.5151142176303327, 0.5111298784355413, 0.5250016883428124, 0.5250016883428124], "test_loss": [0.8600560954359712, 0.9118654488540087, 0.8542037879020139, 0.8564710234358011]}