{"micro": [0.484775915155662, 0.47245980157372564, 0.5313034553540883, 0.5313034553540883], "macro": [0.4784410011783771, 0.46176710786828673, 0.539604022923053, 0.539604022923053], "weighted": [0.4790137028736848, 0.4620497830467262, 0.5411365948866165, 0.5411365948866165], "test_loss": [0.8814830293095177, 0.8584768376389488, 0.7490761390800684, 0.7489337180970145]}