{"micro": [0.784114052953157, 0.7729124236252546, 0.7708757637474541, 0.7708757637474541], "macro": [0.7608354218880535, 0.7526214893986154, 0.748964410498098, 0.748964410498098], "weighted": [0.7831975049640395, 0.7730303144380387, 0.7703447106980915, 0.7703447106980915], "val_loss": [0.3180625357574994, 0.32951464924600815, 0.32503213312837387, 0.32503213312837387], "train_disc": [0.7022864795773407, 0.6798965517289001, 0.6525637849432523], "train_gen": [0.5853707692662223, 0.6821795366500896, 0.7456789495515042], "train_class": [0.11166575343393889, 0.10561107153001704, 0.10519946381816121], "train_enc": [0.2537772635944554, 0.2785816179598615, 0.29734331711393885]}