{"micro": [0.48785494355114606, 0.4864864864864865, 0.484775915155662, 0.484775915155662], "macro": [0.4531007068172109, 0.4613777550259446, 0.4727164544697106, 0.4727164544697106], "weighted": [0.45599860645978696, 0.46357739612403265, 0.4752270411073012, 0.4752270411073012], "test_loss": [0.988163719248902, 1.019148340316418, 0.9877101658471946, 0.9916294992295771]}