{"micro": [0.784114052953157, 0.7718940936863543, 0.7718940936863543, 0.7718940936863543], "macro": [0.7608354218880535, 0.7524345458878551, 0.7520012804077116, 0.7520012804077116], "weighted": [0.7831975049640395, 0.7722540779104812, 0.7720668843383199, 0.7720668843383199], "val_loss": [0.3180625357574994, 0.333482820059984, 0.3305659532667168, 0.3305659532667168], "train_disc": [0.680941991141585, 0.6443122977116069, 0.6292252263736203], "train_gen": [0.679263099295194, 0.7619460394473675, 0.8129446278504335], "train_class": [0.15184426812526305, 0.1503596541985788, 0.14642290007628378], "train_enc": [0.2573280395542989, 0.27267693496141276, 0.2797272519661429]}