{"micro": [0.444064317482039, 0.4741703729045501, 0.5022237427300719, 0.5022237427300719], "macro": [0.43557260497499733, 0.46353145955306707, 0.5075649802720467, 0.5075649802720467], "weighted": [0.43521276381930213, 0.46387635513541015, 0.508042294872906, 0.508042294872906], "test_loss": [0.8642947650998016, 0.8632672249945135, 0.8014368442564063, 0.7992622438675719]}