{"micro": [0.7191241874786177, 0.7180978446801233, 0.7300718439958946, 0.7300718439958946], "macro": [0.7155659680326713, 0.7132378995783281, 0.7272863459577512, 0.7272863459577512], "weighted": [0.7155304445332323, 0.7131940960604792, 0.7272482498364056, 0.7272482498364056], "val_loss": [0.5088536884289622, 0.5123995765840095, 0.485593421537368, 0.485593421537368], "train_disc": [0.7019706342389674, 0.6918653686189912, 0.6612416040050527], "train_gen": [0.6106532378926304, 0.7207275221908027, 0.7412500225129675], "train_class": [0.10851251620982515, 0.10427547466070926, 0.10847615010914255], "train_enc": [0.2591547391128019, 0.28921109698509256, 0.2983083214427604]}