{"micro": [0.7006500171057133, 0.7136503592199795, 0.7133082449538146, 0.7133082449538146], "macro": [0.693937311789688, 0.7070765810431977, 0.7076879839851707, 0.7076879839851707], "weighted": [0.6938860440442096, 0.7070186368538807, 0.707631588997686, 0.707631588997686], "val_loss": [0.5394048714816896, 0.4990410833248024, 0.503338304821585, 0.503338304821585], "train_disc": [0.6994047855418888, 0.6923462846240059, 0.678484145083714], "train_gen": [0.5515535817445953, 0.6608169707444196, 0.7100280207362982], "train_class": [0.05135316208839579, 0.05344963838381927, 0.05625886568809793], "train_enc": [0.15139324816524005, 0.17492310841226838, 0.18701270027238814]}