{"micro": [0.5371193978788915, 0.5415668833390352, 0.5378036264112214, 0.5378036264112214], "macro": [0.5134591403780734, 0.4977074750795027, 0.5217895967560257, 0.5217895967560257], "weighted": [0.5151142176303327, 0.49945654689796537, 0.5237047499261474, 0.5237047499261474], "test_loss": [0.8595978140505285, 0.9253832728810649, 0.8543819032731603, 0.8549458412199072]}