{"micro": [0.444064317482039, 0.45843311666096476, 0.5076975709887103, 0.5076975709887103], "macro": [0.43557260497499733, 0.43676648702981885, 0.5139722596656767, 0.5139722596656767], "weighted": [0.43521276381930213, 0.4368068459653543, 0.5149088002944098, 0.5149088002944098], "test_loss": [0.8651920894130332, 0.917041681829046, 0.7921796765158086, 0.7935584053967168]}