{"micro": [0.7146767020184743, 0.7314403010605544, 0.7269928156004105, 0.7269928156004105], "macro": [0.7090588067313545, 0.7248732503234688, 0.7207582719621651, 0.7207582719621651], "weighted": [0.7090099133853446, 0.7248156019681327, 0.7207029695036037, 0.7207029695036037], "val_loss": [0.5162050127270607, 0.47239971247404977, 0.4903368291246598, 0.4903368291246598], "train_disc": [0.7233732847568116, 0.6619753941812151, 0.6274822875450218], "train_gen": [0.5941099449585044, 0.7257112528457016, 0.7479677682365876], "train_class": [0.13328630440547817, 0.13135115523400204, 0.12637379612834726], "train_enc": [0.22545103549631568, 0.2502231797396811, 0.250692595631047]}