{"micro": [0.444064317482039, 0.49914471433458774, 0.49469722887444406, 0.49469722887444406], "macro": [0.43557260497499733, 0.5077951115203402, 0.4948285030779671, 0.4948285030779671], "weighted": [0.43521276381930213, 0.5084147112331132, 0.49670656596989515, 0.49670656596989515], "test_loss": [0.8637452434972336, 0.8085721454333737, 0.9265655173304302, 0.924953785098967]}