{"micro": [0.7191241874786177, 0.7263085870680807, 0.7283612726650701, 0.7283612726650701], "macro": [0.7155659680326713, 0.721954230980676, 0.7248912546616996, 0.7248912546616996], "weighted": [0.7155304445332323, 0.7219098422075686, 0.7248500351536873, 0.7248500351536873], "val_loss": [0.5088536884289622, 0.49155552885775033, 0.49070940289870313, 0.49070940289870313], "train_disc": [0.7017568033901068, 0.6802537998215097, 0.6511002355585984], "train_gen": [0.6296363368711836, 0.7334047748091442, 0.7631056566056007], "train_class": [0.15944631696968783, 0.14843523610240775, 0.14903374042748754], "train_enc": [0.25348432492363, 0.2654291488270942, 0.27184812846730966]}