{"micro": [0.7146767020184743, 0.7263085870680807, 0.7235716729387616, 0.7235716729387616], "macro": [0.7090588067313545, 0.7207795810586782, 0.7188781914679243, 0.7188781914679243], "weighted": [0.7090099133853446, 0.7207267741574551, 0.7188259736666646, 0.7188259736666646], "val_loss": [0.5162050127270607, 0.4822439533337706, 0.48709661163430396, 0.48709661163430396], "train_disc": [0.744321110144339, 0.7011080713219981, 0.7020658007084998], "train_gen": [0.5498953688014401, 0.6535271694425677, 0.6814508047260222], "train_class": [0.10191628281943134, 0.10751851924944444, 0.10507329508580797], "train_enc": [0.32590582624810643, 0.3805228444070764, 0.39326205019091]}