{"micro": [0.5217242559014711, 0.5094081423195347, 0.5090660280533699, 0.5090660280533699], "macro": [0.4856537361470843, 0.47036308704127644, 0.48245109132342917, 0.48245109132342917], "weighted": [0.48753216276524286, 0.47194032981422407, 0.4840285760312205, 0.4840285760312205], "test_loss": [0.9258751546750303, 0.9790595393688952, 0.9547704474522116, 0.9558772776947647]}