{"micro": [0.7006500171057133, 0.7071501881628464, 0.711255559356825, 0.711255559356825], "macro": [0.693937311789688, 0.6993164746553807, 0.7074449455200028, 0.7074449455200028], "weighted": [0.6938860440442096, 0.6992554262754332, 0.7073919597003585, 0.7073919597003585], "val_loss": [0.5394048714816896, 0.5162180751826757, 0.5198820239248497, 0.5198820239248497], "train_disc": [0.7147295862599149, 0.6867734144945614, 0.7182297543749783], "train_gen": [0.6258766322188039, 0.65715816307589, 0.6614160524691389], "train_class": [0.10506419938240873, 0.11754392716483991, 0.12165352038509859], "train_enc": [0.3654704154189167, 0.3873510445401968, 0.3915347851039282]}