{"micro": [0.784114052953157, 0.7759674134419552, 0.7780040733197556, 0.7780040733197556], "macro": [0.7608354218880535, 0.7580655324511657, 0.7567680327464664, 0.7567680327464664], "weighted": [0.7831975049640395, 0.7770489799375527, 0.7775287185893728, 0.7775287185893728], "val_loss": [0.3180625357574994, 0.3342755122050162, 0.32610677855630077, 0.32610677855630077], "train_disc": [0.7257024395009859, 0.68059246787608, 0.688757014730589], "train_gen": [0.6017897542708558, 0.6422263289409909, 0.740249086598881], "train_class": [0.14775852010142607, 0.1556058773577539, 0.16006489134714252], "train_enc": [0.3293710207678581, 0.35025406478206966, 0.39213858080691977]}