{"micro": [0.484775915155662, 0.46630174478275743, 0.49332877180978446, 0.49332877180978446], "macro": [0.4784410011783771, 0.4481363680372188, 0.48689109734656655, 0.48689109734656655], "weighted": [0.4790137028736848, 0.4483796909438479, 0.4877167966765522, 0.4877167966765522], "test_loss": [0.879803864682307, 1.0094826729571234, 0.8683107861729918, 0.8693732185279085]}