{"micro": [0.48785494355114606, 0.4936708860759494, 0.4902497434143004, 0.4902497434143004], "macro": [0.4531007068172109, 0.4561071535836219, 0.47387849027294693, 0.47387849027294693], "weighted": [0.45599860645978696, 0.4589033139190375, 0.476756794885569, 0.476756794885569], "test_loss": [0.9871718248382944, 1.0815363088266445, 1.030367127858876, 1.0330872408679275]}