{"micro": [0.7881873727087576, 0.7739307535641547, 0.7790224032586558, 0.7790224032586558], "macro": [0.7680224537367395, 0.75839395110204, 0.7580756051629557, 0.7580756051629557], "weighted": [0.7880724454480638, 0.775207528194401, 0.7788716936597094, 0.7788716936597094], "val_loss": [0.3199317022677391, 0.34020051654548417, 0.33328162265881417, 0.33328162265881417], "train_disc": [0.6629292964935303, 0.6820181813396391, 0.6838354846167434], "train_gen": [0.6854085248024737, 0.7107700513360279, 0.7418603379218305], "train_class": [0.05102260243860099, 0.054420243569553065, 0.053690263411142136], "train_enc": [0.1778997910804436, 0.18569020878096096, 0.1913242830279095]}