{"micro": [0.7006500171057133, 0.7170715018816284, 0.7105713308244954, 0.7105713308244954], "macro": [0.693937311789688, 0.7087569167308905, 0.703579213839066, 0.703579213839066], "weighted": [0.6938860440442096, 0.7086914190394871, 0.7035217485273998, 0.7035217485273998], "val_loss": [0.5394048714816896, 0.49416827887825954, 0.5221293776453845, 0.5221293776453845], "train_disc": [0.693306231759285, 0.6867015856862719, 0.6863844938616935], "train_gen": [0.7380810083587312, 0.7170608362864926, 0.7360583807601303], "train_class": [0.15615603069220085, 0.14816824069928602, 0.15068101207089554], "train_enc": [0.3889260326252609, 0.3757252895115503, 0.38483196920384477]}