{"micro": [0.444064317482039, 0.45432774546698595, 0.5056448853917208, 0.5056448853917208], "macro": [0.43557260497499733, 0.433904764138527, 0.5088925212817387, 0.5088925212817387], "weighted": [0.43521276381930213, 0.4337896283612778, 0.5106693369913083, 0.5106693369913083], "test_loss": [0.8659671282833391, 0.9283679365460339, 0.8389087713481299, 0.8360967916217658]}