{"micro": [0.7146767020184743, 0.7211768730756074, 0.728703386931235, 0.728703386931235], "macro": [0.7090588067313545, 0.7145784308430866, 0.723270665996543, 0.723270665996543], "weighted": [0.7090099133853446, 0.714523881706269, 0.723217700662501, 0.723217700662501], "val_loss": [0.5162050127270607, 0.5043008373694016, 0.4826070552620569, 0.4826070552620569], "train_disc": [0.6725854818286792, 0.6943699492782843, 0.7116409657431431], "train_gen": [0.5826964282272943, 0.6116847803032464, 0.6590269501092004], "train_class": [0.13607910773182502, 0.13020435616862577, 0.1305495481429204], "train_enc": [0.31472604383862085, 0.3227965308180272, 0.34194051649401097]}