{"micro": [0.7146767020184743, 0.7307560725282244, 0.7201505302771125, 0.7201505302771125], "macro": [0.7090588067313545, 0.7247554932582995, 0.7153507351399356, 0.7153507351399356], "weighted": [0.7090099133853446, 0.7247001756068195, 0.715300536411111, 0.715300536411111], "val_loss": [0.5162050127270607, 0.4624684859230056, 0.48759480018189044, 0.48759480018189044], "train_disc": [0.6727285717354446, 0.6555243893399265, 0.7127239199283996], "train_gen": [0.6466326847102473, 0.6504058427497988, 0.6794874016704455], "train_class": [0.049833683729619604, 0.05854707425002192, 0.05974141345486615], "train_enc": [0.22887339048046884, 0.2361047108316682, 0.2456652184164589]}