{"micro": [0.5371193978788915, 0.5367772836127267, 0.5408826548067054, 0.5408826548067054], "macro": [0.5134591403780734, 0.5037724413953043, 0.5185780561985159, 0.5185780561985159], "weighted": [0.5151142176303327, 0.5053184012365107, 0.5204207729997296, 0.5204207729997296], "test_loss": [0.8570131047175882, 0.9470215785047396, 0.8914702647045011, 0.8960106879309878]}