{"micro": [0.7006500171057133, 0.708518645227506, 0.7109134450906602, 0.7109134450906602], "macro": [0.693937311789688, 0.7001533083091555, 0.7035476227885459, 0.7035476227885459], "weighted": [0.6938860440442096, 0.7000923367252911, 0.7034889947292151, 0.7034889947292151], "val_loss": [0.5394048714816896, 0.5179403707120425, 0.5195998997310471, 0.5195998997310471], "train_disc": [0.7130811364272904, 0.6786317949086591, 0.6383438781310952], "train_gen": [0.7260237981061466, 0.7726508864288122, 0.7847649529983437], "train_class": [0.15723875004167115, 0.1522230452812109, 0.14334774664679512], "train_enc": [0.32787427159606436, 0.33835140505775074, 0.3357729162674784]}