{"micro": [0.7191241874786177, 0.7314403010605544, 0.725966472801916, 0.725966472801916], "macro": [0.7155659680326713, 0.726974754473317, 0.7220480471143098, 0.7220480471143098], "weighted": [0.7155304445332323, 0.7269283671992359, 0.7220068529237043, 0.7220068529237043], "val_loss": [0.5088536884289622, 0.4725561452001496, 0.5101085462368251, 0.5101085462368251], "train_disc": [0.7035433650016785, 0.7237740331660203, 0.6779875716225046], "train_gen": [0.6018159682633447, 0.6828663534805423, 0.7385114219670739], "train_class": [0.1701961274721909, 0.1652856561574128, 0.15989919153393292], "train_enc": [0.38600604846829273, 0.42407600475790724, 0.4492053063840814]}