{"micro": [0.7191241874786177, 0.7341772151898734, 0.7283612726650701, 0.7283612726650701], "macro": [0.7155659680326713, 0.7302166805728117, 0.7244012268383266, 0.7244012268383266], "weighted": [0.7155304445332323, 0.7301717415263878, 0.7243561599308148, 0.7243561599308148], "val_loss": [0.5088536884289622, 0.4720839845739264, 0.4956063794104454, 0.4956063794104454], "train_disc": [0.6972239633075527, 0.6914956367732398, 0.6608488579265407], "train_gen": [0.6576317053675, 0.7341720002596496, 0.7728981036957496], "train_class": [0.16898594523876742, 0.16277957369721002, 0.15147054482434616], "train_enc": [0.3155796788429302, 0.3341973080335419, 0.33789881876583305]}