{"micro": [0.5217242559014711, 0.5063291139240507, 0.5100923708518645, 0.5100923708518645], "macro": [0.4856537361470843, 0.47431505941630814, 0.4867427079286956, 0.4867427079286956], "weighted": [0.48753216276524286, 0.4761092159611818, 0.488421360703437, 0.488421360703437], "test_loss": [0.921136441777964, 0.8631877848685113, 0.8890781345588913, 0.8877811327658064]}