{"micro": [0.484775915155662, 0.47109134450906603, 0.49674991447143346, 0.49674991447143346], "macro": [0.4784410011783771, 0.4526235581991298, 0.4929193077906355, 0.4929193077906355], "weighted": [0.4790137028736848, 0.45300558395037444, 0.49367436554013316, 0.49367436554013316], "test_loss": [0.8833312950824779, 0.9828494489192963, 0.8502706593828775, 0.851383968129184]}