{"micro": [0.7191241874786177, 0.7252822442695861, 0.7280191583989052, 0.7280191583989052], "macro": [0.7155659680326713, 0.7206571986195686, 0.7254535440848647, 0.7254535440848647], "weighted": [0.7155304445332323, 0.7206140486150439, 0.7254187691181376, 0.7254187691181376], "val_loss": [0.5088536884289622, 0.5127088714574204, 0.49740100379198626, 0.49740100379198626], "train_disc": [0.6828592429395581, 0.7136114676141999, 0.6911946877104337], "train_gen": [0.6385178057873835, 0.6719103875707407, 0.7105543447322533], "train_class": [0.1543382502522299, 0.16561442621744396, 0.17187785783711354], "train_enc": [0.396428027765347, 0.41876240669052456, 0.44121610190047594]}