{"micro": [0.5217242559014711, 0.5165925419089976, 0.5076975709887103, 0.5076975709887103], "macro": [0.4856537361470843, 0.48641687197982125, 0.4979135771474521, 0.4979135771474521], "weighted": [0.48753216276524286, 0.4879460320203497, 0.49952886566139393, 0.49952886566139393], "test_loss": [0.9211109852204558, 0.9296599592341751, 0.8997001446009986, 0.8971144897364528]}