{"micro": [0.48785494355114606, 0.4943551146082792, 0.49572357167293873, 0.49572357167293873], "macro": [0.4531007068172109, 0.4552160431567141, 0.46779597894818714, 0.46779597894818714], "weighted": [0.45599860645978696, 0.4576137886757614, 0.4703000981464724, 0.4703000981464724], "test_loss": [0.988962415463286, 1.075227792797193, 1.0271005843832193, 1.029492933079193]}