{"micro": [0.48785494355114606, 0.49196031474512486, 0.48717071501881626, 0.48717071501881626], "macro": [0.4531007068172109, 0.45996501749125435, 0.47876092356520233, 0.47876092356520233], "weighted": [0.45599860645978696, 0.4613606402409469, 0.4815443330806451, 0.4815443330806451], "test_loss": [0.9877181455411547, 1.0652259930235441, 0.9618602938990776, 0.9663022140987584]}