{"micro": [0.7146767020184743, 0.7307560725282244, 0.7245980157372562, 0.7245980157372562], "macro": [0.7090588067313545, 0.7246810013665739, 0.7189238808883934, 0.7189238808883934], "weighted": [0.7090099133853446, 0.7246254727057441, 0.7188704347940463, 0.7188704347940463], "val_loss": [0.5162050127270607, 0.47787136780963246, 0.4944966576301335, 0.4944966576301335], "train_disc": [0.6725574865367243, 0.6483239583630379, 0.6726504792281187], "train_gen": [0.6303167906615252, 0.7117254932721456, 0.6732879606752448], "train_class": [0.13270864818916947, 0.1269708276609254, 0.12332081587099639], "train_enc": [0.2819910958165028, 0.302397234599447, 0.2883109645765336]}