{"micro": [0.484775915155662, 0.43824837495723573, 0.5011973999315772, 0.5011973999315772], "macro": [0.4784410011783771, 0.4289180052283317, 0.5122839978355005, 0.5122839978355005], "weighted": [0.4790137028736848, 0.4280828618970753, 0.5126510980553698, 0.5126510980553698], "test_loss": [0.8808275858561198, 0.982384970116485, 0.7865545910889985, 0.783525256348438]}