{"micro": [0.5217242559014711, 0.5100923708518645, 0.5159083133766678, 0.5159083133766678], "macro": [0.4856537361470843, 0.46321816156140666, 0.4803077829882884, 0.4803077829882884], "weighted": [0.48753216276524286, 0.46446024492613797, 0.4819461004154705, 0.4819461004154705], "test_loss": [0.9253854834642566, 1.0078683265897095, 0.9495775813613433, 0.9490916712687967]}