{"micro": [0.7881873727087576, 0.7769857433808554, 0.7790224032586558, 0.7790224032586558], "macro": [0.7680224537367395, 0.7618965664380205, 0.7569150511755227, 0.7569150511755227], "weighted": [0.7880724454480638, 0.7782683081848566, 0.7778964975826627, 0.7778964975826627], "val_loss": [0.3199317022677391, 0.3437930254806434, 0.3510335334126026, 0.3510335334126026], "train_disc": [0.6747774038809896, 0.7188955314172422, 0.7071188189944283], "train_gen": [0.6090253164859417, 0.6836877289365549, 0.7581693891619072], "train_class": [0.1383118534389415, 0.13540244442436214, 0.14216701727095848], "train_enc": [0.3265972452574089, 0.35471656820813163, 0.38856797612429966]}