{"micro": [0.784114052953157, 0.7718940936863543, 0.7739307535641547, 0.7739307535641547], "macro": [0.7608354218880535, 0.754308640608477, 0.7500099024125394, 0.7500099024125394], "weighted": [0.7831975049640395, 0.7724426452597337, 0.7725127640133556, 0.7725127640133556], "val_loss": [0.3180625357574994, 0.3224292451575879, 0.3169662880921556, 0.3169662880921556], "train_disc": [0.7168852136434753, 0.6967768910152664, 0.6686461092344399], "train_gen": [0.5465727274209424, 0.7728919116525702, 0.7515714412829915], "train_class": [0.06467661342985644, 0.06048636762883331, 0.062455628882798424], "train_enc": [0.16105583896402453, 0.2029674809649994, 0.20027879515632255]}