{"micro": [0.7006500171057133, 0.7136503592199795, 0.7088607594936709, 0.7088607594936709], "macro": [0.693937311789688, 0.7049350470310648, 0.7022081006797966, 0.7022081006797966], "weighted": [0.6938860440442096, 0.7048712386004324, 0.7021495540958601, 0.7021495540958601], "val_loss": [0.5394048714816896, 0.5090818634368682, 0.5274493033524419, 0.5274493033524419], "train_disc": [0.6894439178737787, 0.6903271782593648, 0.6780878846111194], "train_gen": [0.6273352914169187, 0.6762451438304505, 0.7324497038549412], "train_class": [0.16035836096344097, 0.16669913340624565, 0.1552034017981076], "train_enc": [0.39384682663802895, 0.4214721382315693, 0.44382655343722777]}