{"micro": [0.444064317482039, 0.5076975709887103, 0.5145398563120082, 0.5145398563120082], "macro": [0.43557260497499733, 0.4992921683937812, 0.5179375089555658, 0.5179375089555658], "weighted": [0.43521276381930213, 0.5002400617826577, 0.5194710298132023, 0.5194710298132023], "test_loss": [0.8641928968533792, 0.7797730345217908, 0.7770752040414862, 0.775402213054928]}