{"micro": [0.7146767020184743, 0.7324666438590489, 0.7232295586725966, 0.7232295586725966], "macro": [0.7090588067313545, 0.7269386601199631, 0.7177657661531675, 0.7177657661531675], "weighted": [0.7090099133853446, 0.7268856114619933, 0.7177126360083669, 0.7177126360083669], "val_loss": [0.5162050127270607, 0.46637718674670803, 0.4945631658994272, 0.4945631658994272], "train_disc": [0.7932713328163481, 0.7152221062795712, 0.6483815292843053], "train_gen": [0.5583084377109028, 0.780566536012243, 0.7711236825406226], "train_class": [0.09378667341677543, 0.09219728637222058, 0.09005673202212716], "train_enc": [0.23314320910823802, 0.2987080704970438, 0.2943768248857696]}