{"micro": [0.48785494355114606, 0.48922340061580566, 0.4820390010263428, 0.4820390010263428], "macro": [0.4531007068172109, 0.45332241873303564, 0.47419105480286367, 0.47419105480286367], "weighted": [0.45599860645978696, 0.4560229685633175, 0.4771134466937023, 0.4771134466937023], "test_loss": [0.9871852352319519, 1.0111976544388006, 0.9568812008438214, 0.9563074437646918]}