{"micro": [0.5371193978788915, 0.5336982552172426, 0.5367772836127267, 0.5367772836127267], "macro": [0.5134591403780734, 0.5059206015797783, 0.5155739533270177, 0.5155739533270177], "weighted": [0.5151142176303327, 0.5074721492164576, 0.5172095178558984, 0.5172095178558984], "test_loss": [0.8588835500140007, 0.9401591139657249, 0.9161012333924653, 0.9180876965242657]}