{"micro": [0.7191241874786177, 0.7338351009237086, 0.721861101607937, 0.721861101607937], "macro": [0.7155659680326713, 0.7287931617043394, 0.7190158113968698, 0.7190158113968698], "weighted": [0.7155304445332323, 0.7287447464392254, 0.7189812648031421, 0.7189812648031421], "val_loss": [0.5088536884289622, 0.453396759957808, 0.5008190577249221, 0.5008190577249221], "train_disc": [0.7060756621465005, 0.7039937953479954, 0.6597112472591504], "train_gen": [0.5593758981084563, 0.7332121602824477, 0.7812386907514979], "train_class": [0.06208879320470036, 0.06822414714537683, 0.0717968209824764], "train_enc": [0.26100364083149397, 0.3342193602864208, 0.3555735784475921]}