{"micro": [0.7881873727087576, 0.7830957230142567, 0.7810590631364562, 0.7810590631364562], "macro": [0.7680224537367395, 0.7656600068609012, 0.7547564237600396, 0.7547564237600396], "weighted": [0.7880724454480638, 0.7835420766963367, 0.7786399863256975, 0.7786399863256975], "val_loss": [0.3199317022677391, 0.3459530328550646, 0.3479415101389731, 0.3479415101389731], "train_disc": [0.7064152405561646, 0.7007067480373904, 0.6767201720039702], "train_gen": [0.6619279967631148, 0.7138194057459388, 0.7350716734193062], "train_class": [0.1061582330186836, 0.11444992845867827, 0.12898912386653202], "train_enc": [0.3840431155728512, 0.41413466721936004, 0.4320303988261301]}