{"micro": [0.48785494355114606, 0.4936708860759494, 0.4943551146082792, 0.4943551146082792], "macro": [0.4531007068172109, 0.47547886664866645, 0.48431278883247564, 0.48431278883247564], "weighted": [0.45599860645978696, 0.47745841370557246, 0.4868554389769961, 0.4868554389769961], "test_loss": [0.9903837812077152, 1.0010873315438547, 0.9747614215631955, 0.9735951532757348]}