{"micro": [0.7881873727087576, 0.7830957230142567, 0.7892057026476579, 0.7892057026476579], "macro": [0.7680224537367395, 0.7634250245623985, 0.771508905580769, 0.771508905580769], "weighted": [0.7880724454480638, 0.7824018994873495, 0.7895841725763899, 0.7895841725763899], "val_loss": [0.3199317022677391, 0.3540036713163699, 0.34511547073000864, 0.34511547073000864], "train_disc": [0.7014940315908421, 0.6671442073551032, 0.6398817066286431], "train_gen": [0.7169863764054137, 0.7989737485927311, 0.8171202195146696], "train_class": [0.14737770223959548, 0.12073244465911975, 0.12646529839827064], "train_enc": [0.2612994413395397, 0.256380710038331, 0.2645962877514584]}