{"micro": [0.5217242559014711, 0.5056448853917208, 0.5100923708518645, 0.5100923708518645], "macro": [0.4856537361470843, 0.4643706209788565, 0.4858923782630185, 0.4858923782630185], "weighted": [0.48753216276524286, 0.46569237820531656, 0.48744665803812703, 0.48744665803812703], "test_loss": [0.9207171848237189, 0.9655877113993702, 0.9387903420325837, 0.934333110441927]}