{"micro": [0.7146767020184743, 0.7208347588094425, 0.7252822442695861, 0.7252822442695861], "macro": [0.7090588067313545, 0.714371398271601, 0.720086967099947, 0.720086967099947], "weighted": [0.7090099133853446, 0.7143142067088747, 0.7200340008401052, 0.7200340008401052], "val_loss": [0.5162050127270607, 0.4729020370404577, 0.4760730510038105, 0.4760730510038105], "train_disc": [0.697998627613151, 0.6928579751911059, 0.6466342608133951], "train_gen": [0.5226203178773161, 0.7733318375759437, 0.7630717672936903], "train_class": [0.056695991740282115, 0.05083622261780044, 0.05082645995511872], "train_enc": [0.14988085941050222, 0.1953353499128519, 0.19327552494455558]}