{"micro": [0.484775915155662, 0.4498802600068423, 0.5049606568593911, 0.5049606568593911], "macro": [0.4784410011783771, 0.42881617529064314, 0.5158337276316218, 0.5158337276316218], "weighted": [0.4790137028736848, 0.428738356956832, 0.5166469002040464, 0.5166469002040464], "test_loss": [0.8838975089169591, 1.0400353269498857, 0.7782583407691268, 0.7776679963362022]}