{"micro": [0.5371193978788915, 0.5330140266849127, 0.5336982552172426, 0.5336982552172426], "macro": [0.5134591403780734, 0.5027817872079186, 0.5146395013754003, 0.5146395013754003], "weighted": [0.5151142176303327, 0.5043088411507736, 0.5160971885163185, 0.5160971885163185], "test_loss": [0.8603132667600132, 0.9736735805299113, 0.930698305042715, 0.9291171927432544]}