{"micro": [0.484775915155662, 0.4806705439616832, 0.5237769414984604, 0.5237769414984604], "macro": [0.4784410011783771, 0.4645931130266305, 0.5250631757599645, 0.5250631757599645], "weighted": [0.4790137028736848, 0.4651099952142997, 0.5266217639280241, 0.5266217639280241], "test_loss": [0.8813593029324475, 0.8253904385644881, 0.7039544500939833, 0.7040474072017305]}