{"micro": [0.7881873727087576, 0.7810590631364562, 0.7810590631364562, 0.7810590631364562], "macro": [0.7680224537367395, 0.7625591331518002, 0.7615683623534458, 0.7615683623534458], "weighted": [0.7880724454480638, 0.781066077433048, 0.7811748174621405, 0.7811748174621405], "val_loss": [0.3199317022677391, 0.34977319241771776, 0.35075273046330097, 0.35075273046330097], "train_disc": [0.668380281638578, 0.667445838125677, 0.679524722320786], "train_gen": [0.6395927670874882, 0.7112080070490394, 0.7472916646081893], "train_class": [0.13849840077057562, 0.13160209569448983, 0.1298672498046049], "train_enc": [0.2888267164021893, 0.30548387562316626, 0.31509458106723637]}