{"micro": [0.7146767020184743, 0.7280191583989052, 0.7228874444064317, 0.7228874444064317], "macro": [0.7090588067313545, 0.7221647066519153, 0.7169960239672445, 0.7169960239672445], "weighted": [0.7090099133853446, 0.7221098988638209, 0.7169423671428776, 0.7169423671428776], "val_loss": [0.5162050127270607, 0.48727970868552645, 0.5056043184805111, 0.5056043184805111], "train_disc": [0.6991910126691308, 0.6773165054008609, 0.6474040385152473], "train_gen": [0.6605013315794898, 0.7535669731963528, 0.7513968065136769], "train_class": [0.12353759979615446, 0.12489287052405336, 0.12433019063633974], "train_enc": [0.2309303502730333, 0.2506276955370043, 0.24974351852643686]}