{"micro": [0.7191241874786177, 0.7290455011973999, 0.7269928156004105, 0.7269928156004105], "macro": [0.7155659680326713, 0.7250932444805002, 0.7232203954396295, 0.7232203954396295], "weighted": [0.7155304445332323, 0.7250503565649188, 0.7231788593083063, 0.7231788593083063], "val_loss": [0.5088536884289622, 0.4883630504332931, 0.5018777980219796, 0.5018777980219796], "train_disc": [0.6768980270526448, 0.681899954712456, 0.6671957044653554], "train_gen": [0.7294073616220651, 0.7356281544341415, 0.7480534803671915], "train_class": [0.16534599639434633, 0.15964277420457595, 0.16039973413927958], "train_enc": [0.3345644128778593, 0.3324383951601435, 0.3366958656923367]}