{"micro": [0.444064317482039, 0.4851180294218269, 0.5104344851180295, 0.5104344851180295], "macro": [0.43557260497499733, 0.4795185994844407, 0.5149505306967802, 0.5149505306967802], "weighted": [0.43521276381930213, 0.47964140702750413, 0.5165166639070072, 0.5165166639070072], "test_loss": [0.866871700586517, 0.8227654889307386, 0.7841348504759574, 0.786837556974484]}