{"micro": [0.7191241874786177, 0.7222032158741021, 0.7280191583989052, 0.7280191583989052], "macro": [0.7155659680326713, 0.7179461877376783, 0.7248506152352044, 0.7248506152352044], "weighted": [0.7155304445332323, 0.7179024269682862, 0.724808743256831, 0.724808743256831], "val_loss": [0.5088536884289622, 0.4968074840274665, 0.4927071672279001, 0.4927071672279001], "train_disc": [0.6962805953833575, 0.7003808949814468, 0.6761800952947856], "train_gen": [0.6502396122353976, 0.6987535618042033, 0.7354712056331947], "train_class": [0.17069731958088327, 0.1722788413365682, 0.16894161756165693], "train_enc": [0.41046846662062764, 0.43551620222180265, 0.4522064119740262]}