{"micro": [0.7006500171057133, 0.7129661306876497, 0.7105713308244954, 0.7105713308244954], "macro": [0.693937311789688, 0.7043219724811514, 0.7028115437017717, 0.7028115437017717], "weighted": [0.6938860440442096, 0.704258371862952, 0.702751792712393, 0.702751792712393], "val_loss": [0.5394048714816896, 0.5238955094901427, 0.5250173149620249, 0.5250173149620249], "train_disc": [0.6888310088485968, 0.6861749265363307, 0.6753713361552505], "train_gen": [0.6582754537707469, 0.6897016867913836, 0.7156015781105541], "train_class": [0.15008445641870707, 0.13887258446037443, 0.15105295036741292], "train_enc": [0.3025417631603981, 0.30412132174916606, 0.3204175459394038]}