{"micro": [0.784114052953157, 0.7759674134419552, 0.7790224032586558, 0.7790224032586558], "macro": [0.7608354218880535, 0.7583323509185579, 0.7567804769379665, 0.7567804769379665], "weighted": [0.7831975049640395, 0.777100495329128, 0.7787630729626636, 0.7787630729626636], "val_loss": [0.3180625357574994, 0.3319252752248318, 0.3269491041860273, 0.3269491041860273], "train_disc": [0.6967328816163735, 0.6535879868627246, 0.6273633215596767], "train_gen": [0.6565143700505867, 0.7717255031476256, 0.806498141236644], "train_class": [0.14531193349937924, 0.13247589235667323, 0.13256619583632126], "train_enc": [0.2475524257278182, 0.26032581974248414, 0.26735258957401653]}