{"micro": [0.48785494355114606, 0.49709202873759833, 0.4943551146082792, 0.4943551146082792], "macro": [0.4531007068172109, 0.463463725975493, 0.4666434626570924, 0.4666434626570924], "weighted": [0.45599860645978696, 0.4656148650131615, 0.4690511247280945, 0.4690511247280945], "test_loss": [0.9903609094723977, 1.0419696973321215, 1.0222505707232679, 1.0241819576161806]}