{"micro": [0.48785494355114606, 0.4943551146082792, 0.49332877180978446, 0.49332877180978446], "macro": [0.4531007068172109, 0.45825062737351896, 0.472539729873312, 0.472539729873312], "weighted": [0.45599860645978696, 0.46070425495010087, 0.4751790938480936, 0.4751790938480936], "test_loss": [0.989605663578367, 1.0695180920629554, 1.0292407666724888, 1.0282648324640722]}