{"micro": [0.7146767020184743, 0.7215189873417721, 0.7194663017447828, 0.7194663017447828], "macro": [0.7090588067313545, 0.7153927112336816, 0.7138079506910703, 0.7138079506910703], "weighted": [0.7090099133853446, 0.7153377971221926, 0.7137543174847385, 0.7137543174847385], "val_loss": [0.5162050127270607, 0.4882995886473708, 0.49889372910062474, 0.49889372910062474], "train_disc": [0.698477952206721, 0.6903264395526199, 0.7063841819763184], "train_gen": [0.5696272470586287, 0.6871946170681813, 0.6587974953521145], "train_class": [0.08901721756152116, 0.09339791266603874, 0.09362518386355514], "train_enc": [0.28126123523125884, 0.3309166021034366, 0.3196941164673352]}