{"micro": [0.48785494355114606, 0.49401300034211426, 0.495039343140609, 0.495039343140609], "macro": [0.4531007068172109, 0.4490030683380188, 0.4814016694608049, 0.4814016694608049], "weighted": [0.45599860645978696, 0.45131972688193783, 0.48401228426124215, 0.48401228426124215], "test_loss": [0.9878353701263177, 1.0686287046130238, 0.9749024797007034, 0.9740063203651397]}