{"micro": [0.7881873727087576, 0.7861507128309573, 0.780040733197556, 0.780040733197556], "macro": [0.7680224537367395, 0.7679266818625097, 0.7600306165394061, 0.7600306165394061], "weighted": [0.7880724454480638, 0.7863556333451752, 0.780219440981638, 0.780219440981638], "val_loss": [0.3199317022677391, 0.34500140486465347, 0.3499544547690499, 0.3499544547690499], "train_disc": [0.7174068194269483, 0.6915704357168062, 0.6627094266844578], "train_gen": [0.5635393998010563, 0.6940160996275522, 0.7501894134641345], "train_class": [0.13694026848413254, 0.14002414855882117, 0.1309324403196736], "train_enc": [0.30757992783856525, 0.36162093786593996, 0.37863523956856443]}