{"micro": [0.7146767020184743, 0.7317824153267192, 0.7136503592199795, 0.7136503592199795], "macro": [0.7090588067313545, 0.7248809427974713, 0.7106790409047102, 0.7106790409047102], "weighted": [0.7090099133853446, 0.7248214147473026, 0.7106413048078435, 0.7106413048078435], "val_loss": [0.5162050127270607, 0.44904968883496166, 0.5155232173538273, 0.5155232173538273], "train_disc": [0.7060584126274443, 0.6941534785625062, 0.7240929092214408], "train_gen": [0.5608944689315525, 0.619743680856267, 0.6561322609583536], "train_class": [0.05173680116804164, 0.0848096475269788, 0.08387385568291437], "train_enc": [0.30631563498999903, 0.35227666428831755, 0.3700030579593012]}