{"micro": [0.7881873727087576, 0.7810590631364562, 0.780040733197556, 0.780040733197556], "macro": [0.7680224537367395, 0.7587772515211183, 0.7539789519416006, 0.7539789519416006], "weighted": [0.7880724454480638, 0.7803507897625299, 0.7776151237093356, 0.7776151237093356], "val_loss": [0.3199317022677391, 0.3428416848182678, 0.35675285810664775, 0.35675285810664775], "train_disc": [0.6586480492451152, 0.7340162510428924, 0.707205476982346], "train_gen": [0.6346591129654744, 0.7073334777941469, 0.7596522794395196], "train_class": [0.13958527868399856, 0.14270903117181175, 0.15384874067427032], "train_enc": [0.3871221954379577, 0.42502125299693455, 0.4567505095174404]}