{"micro": [0.5371193978788915, 0.5364351693465618, 0.5350667122819022, 0.5350667122819022], "macro": [0.5134591403780734, 0.5092290441546918, 0.5115318324141322, 0.5115318324141322], "weighted": [0.5151142176303327, 0.5108384139007669, 0.5131753584733764, 0.5131753584733764], "test_loss": [0.8595746094411839, 0.9342042803764343, 0.916280186404296, 0.9141431706524937]}