{"micro": [0.48785494355114606, 0.5005131713992473, 0.49059185768046526, 0.49059185768046526], "macro": [0.4531007068172109, 0.4581371013132256, 0.46326344854233303, 0.46326344854233303], "weighted": [0.45599860645978696, 0.45998338234210034, 0.46562012468754216, 0.46562012468754216], "test_loss": [0.9872930686656243, 1.0812327679389162, 1.0306374210803235, 1.034012148777644]}