{"micro": [0.784114052953157, 0.7790224032586558, 0.7759674134419552, 0.7759674134419552], "macro": [0.7608354218880535, 0.7603180390349086, 0.754938210947329, 0.754938210947329], "weighted": [0.7831975049640395, 0.7793128944019934, 0.7756865001718928, 0.7756865001718928], "val_loss": [0.3180625357574994, 0.3320975857636621, 0.3279414339171302, 0.3279414339171302], "train_disc": [0.6862801743335412, 0.6887188631980146, 0.6460905244441632], "train_gen": [0.6526643532872851, 0.7515883377340974, 0.7847447398581792], "train_class": [0.1471836198060239, 0.13940693896080628, 0.14108308594002097], "train_enc": [0.2988278457864386, 0.3230613654102784, 0.33418159015843124]}