{"micro": [0.7006500171057133, 0.7095449880260006, 0.7133082449538146, 0.7133082449538146], "macro": [0.693937311789688, 0.701212521101474, 0.706142260839477, 0.706142260839477], "weighted": [0.6938860440442096, 0.7011496197425678, 0.7060828944914439, 0.7060828944914439], "val_loss": [0.5394048714816896, 0.5227972357813778, 0.5165981038020608, 0.5165981038020608], "train_disc": [0.7205791792582944, 0.6834971865669626, 0.6527499012608345], "train_gen": [0.5770213955738506, 0.69277729558163, 0.7304122242771212], "train_class": [0.15353925416215522, 0.13810160474169775, 0.1381722816617274], "train_enc": [0.2382356860761434, 0.24903674700546785, 0.25662027380831254]}