{"micro": [0.5371193978788915, 0.5313034553540883, 0.5374615121450564, 0.5374615121450564], "macro": [0.5134591403780734, 0.5035562237527303, 0.5339540278999975, 0.5339540278999975], "weighted": [0.5151142176303327, 0.5051260897996676, 0.5364869199806774, 0.5364869199806774], "test_loss": [0.8601775522766217, 0.8975122518878166, 0.8146398511252116, 0.8139677792380416]}