{"micro": [0.484775915155662, 0.5364351693465618, 0.5634621963735887, 0.5634621963735887], "macro": [0.4784410011783771, 0.5341384722100341, 0.5668764514173579, 0.5668764514173579], "weighted": [0.4790137028736848, 0.5357613134074856, 0.5694575564390978, 0.5694575564390978], "test_loss": [0.8820852782231211, 0.6846908786909176, 0.6135177045571999, 0.61299017633571]}