{"micro": [0.7146767020184743, 0.7273349298665754, 0.7235716729387616, 0.7235716729387616], "macro": [0.7090588067313545, 0.7217341418086707, 0.7178559841179631, 0.7178559841179631], "weighted": [0.7090099133853446, 0.7216812113952821, 0.7178027469531744, 0.7178027469531744], "val_loss": [0.5162050127270607, 0.48653801801344737, 0.5013911870455807, 0.5013911870455807], "train_disc": [0.7539384996956163, 0.7016388353754263, 0.6782376603350613], "train_gen": [0.5262612812831754, 0.6799560993746981, 0.683942082149735], "train_class": [0.13154727525886942, 0.13562244547357977, 0.1415701370299514], "train_enc": [0.2894328843211867, 0.3533559154943039, 0.3585189255208917]}