{"micro": [0.444064317482039, 0.4909339719466302, 0.4888812863496408, 0.4888812863496408], "macro": [0.43557260497499733, 0.49938819239998816, 0.4963054387254209, 0.4963054387254209], "weighted": [0.43521276381930213, 0.4996350470475171, 0.49698420188851644, 0.49698420188851644], "test_loss": [0.8659327121380248, 0.7945902539732678, 0.8341444538590687, 0.8350669437093161]}