{"micro": [0.5371193978788915, 0.5124871707150188, 0.5347245980157372, 0.5347245980157372], "macro": [0.5134591403780734, 0.4863543917618385, 0.521456079694315, 0.521456079694315], "weighted": [0.5151142176303327, 0.4873634371401937, 0.5229701652150786, 0.5229701652150786], "test_loss": [0.8600555150235285, 1.0342850118386941, 0.8878861742267192, 0.8852830884235153]}