{"micro": [0.7146767020184743, 0.725624358535751, 0.7252822442695861, 0.7252822442695861], "macro": [0.7090588067313545, 0.7200108615550702, 0.7191030432409812, 0.7191030432409812], "weighted": [0.7090099133853446, 0.7199569104518849, 0.7190470702675168, 0.7190470702675168], "val_loss": [0.5162050127270607, 0.49337460402948935, 0.49807918806626494, 0.49807918806626494], "train_disc": [0.7006504040598218, 0.6832178971155094, 0.6780492135735808], "train_gen": [0.5776565405514722, 0.6773990982217215, 0.690817882128752], "train_class": [0.14427422485797783, 0.13425013681497078, 0.1408855229453311], "train_enc": [0.2742889237697007, 0.29719483225397725, 0.3058652379473702]}