{"micro": [0.48785494355114606, 0.49743414300376326, 0.495039343140609, 0.495039343140609], "macro": [0.4531007068172109, 0.46454277002141603, 0.47854128925344, 0.47854128925344], "weighted": [0.45599860645978696, 0.46635027011432556, 0.4812730011706249, 0.4812730011706249], "test_loss": [0.9917104652996271, 1.0379091191812944, 0.9884774216700122, 0.9876608957684105]}