{"micro": [0.784114052953157, 0.7780040733197556, 0.7739307535641547, 0.7739307535641547], "macro": [0.7608354218880535, 0.7594441231283336, 0.751698891529294, 0.751698891529294], "weighted": [0.7831975049640395, 0.7790600188392022, 0.7733233560690859, 0.7733233560690859], "val_loss": [0.3180625357574994, 0.3342675763753153, 0.32275367215756445, 0.32275367215756445], "train_disc": [0.7639007685614414, 0.7309412594701423, 0.6489543172179676], "train_gen": [0.5367265223153953, 0.73408972695877, 0.7797498022272287], "train_class": [0.11692429883558242, 0.10974677120808696, 0.10635213634314758], "train_enc": [0.28484519404140324, 0.35948396299054713, 0.37571121125273366]}