{"micro": [0.484775915155662, 0.4748546014368799, 0.5224084844338008, 0.5224084844338008], "macro": [0.4784410011783771, 0.4722949262898109, 0.5319408074417035, 0.5319408074417035], "weighted": [0.4790137028736848, 0.4723865336830825, 0.5332853519592414, 0.5332853519592414], "test_loss": [0.8812427263442284, 0.8410550243541842, 0.7334994533674313, 0.7357766002905174]}