{"micro": [0.7191241874786177, 0.7304139582620595, 0.7263085870680807, 0.7263085870680807], "macro": [0.7155659680326713, 0.7262989159178482, 0.7234442730876239, 0.7234442730876239], "weighted": [0.7155304445332323, 0.7262542874085585, 0.7234086645491735, 0.7234086645491735], "val_loss": [0.5088536884289622, 0.48043472864385184, 0.5089637376164478, 0.5089637376164478], "train_disc": [0.7106725068691649, 0.6956698334282213, 0.6769912878020865], "train_gen": [0.5469470125078504, 0.6774801123337667, 0.7291759897450931], "train_class": [0.11059501832300196, 0.12689287460770438, 0.12642861878285644], "train_enc": [0.3287710158225617, 0.4021864932417218, 0.42780230654393386]}