{"micro": [0.5371193978788915, 0.5316455696202531, 0.5313034553540883, 0.5313034553540883], "macro": [0.5134591403780734, 0.4980367610104035, 0.5091541203206654, 0.5091541203206654], "weighted": [0.5151142176303327, 0.4994808895544895, 0.5106581453161307, 0.5106581453161307], "test_loss": [0.8583298418365541, 0.9804266643980162, 0.9321626971979611, 0.930397488787526]}