{"micro": [0.5371193978788915, 0.531987683886418, 0.5378036264112214, 0.5378036264112214], "macro": [0.5134591403780734, 0.5045885973090068, 0.5210448178498792, 0.5210448178498792], "weighted": [0.5151142176303327, 0.5060020288075777, 0.5227428465724117, 0.5227428465724117], "test_loss": [0.85855737507669, 0.936340626390254, 0.8640949077944938, 0.8650737989469955]}