{"micro": [0.7191241874786177, 0.7276770441327404, 0.7252822442695861, 0.7252822442695861], "macro": [0.7155659680326713, 0.7231344146086779, 0.7215730088398628, 0.7215730088398628], "weighted": [0.7155304445332323, 0.72308842353188, 0.721534106297942, 0.721534106297942], "val_loss": [0.5088536884289622, 0.48287220191353003, 0.5032349601489762, 0.5032349601489762], "train_disc": [0.6939570112306563, 0.7101628037749744, 0.6845358564554016], "train_gen": [0.60381930871088, 0.6743032570745124, 0.7304120806396984], "train_class": [0.10979005194630453, 0.10655332769933945, 0.10558256358315385], "train_enc": [0.3074017599469326, 0.33365330849188923, 0.3555143793098262]}