{"micro": [0.444064317482039, 0.46117003079028396, 0.4714334587752309, 0.4714334587752309], "macro": [0.43557260497499733, 0.445348671788581, 0.4675834050911929, 0.4675834050911929], "weighted": [0.43521276381930213, 0.4454992321001823, 0.4677214907505619, 0.4677214907505619], "test_loss": [0.8652354135213653, 0.9083964974502396, 0.8753230675973528, 0.8736022977881093]}