{"micro": [0.48785494355114606, 0.49059185768046526, 0.4929866575436196, 0.4929866575436196], "macro": [0.4531007068172109, 0.4638275143926524, 0.47917602532761655, 0.47917602532761655], "weighted": [0.45599860645978696, 0.4660376587173638, 0.48181476678381957, 0.48181476678381957], "test_loss": [0.9871155354983169, 1.0402021439023357, 1.0072074924987522, 1.0077955921490986]}