{"micro": [0.484775915155662, 0.4741703729045501, 0.4923024290112898, 0.4923024290112898], "macro": [0.4784410011783771, 0.4648433944706853, 0.4911996083690706, 0.4911996083690706], "weighted": [0.4790137028736848, 0.46520898452598347, 0.4919041123930643, 0.4919041123930643], "test_loss": [0.8815220280097482, 0.9275831127427315, 0.8608465440612022, 0.8581931618719153]}