{"micro": [0.5371193978788915, 0.488197057817311, 0.5343824837495723, 0.5343824837495723], "macro": [0.5134591403780734, 0.45927716935656265, 0.5200972630300611, 0.5200972630300611], "weighted": [0.5151142176303327, 0.45978549666155294, 0.5217198882739145, 0.5217198882739145], "test_loss": [0.8587608197347714, 1.036524720367838, 0.8239094993618669, 0.8217750027205775]}