{"micro": [0.7006500171057133, 0.7122819021553198, 0.7109134450906602, 0.7109134450906602], "macro": [0.693937311789688, 0.7048583365097242, 0.7056494509391563, 0.7056494509391563], "weighted": [0.6938860440442096, 0.7047973087938572, 0.7055932832167662, 0.7055932832167662], "val_loss": [0.5394048714816896, 0.52418297545506, 0.5151759898035578, 0.5151759898035578], "train_disc": [0.6800901095072428, 0.7144863758582235, 0.6950005898710157], "train_gen": [0.610928481719533, 0.6733745369103437, 0.7424709826219277], "train_class": [0.0507485601196035, 0.06399219888745925, 0.06129174344139835], "train_enc": [0.27482053433936804, 0.307745141898348, 0.3337634454985134]}