{"micro": [0.48785494355114606, 0.4594594594594595, 0.46972288744440643, 0.46972288744440643], "macro": [0.4531007068172109, 0.3998715440001355, 0.4606042436297384, 0.4606042436297384], "weighted": [0.45599860645978696, 0.4037777826541766, 0.4644240955369264, 0.4644240955369264], "test_loss": [0.9908019532271422, 1.1894153174155397, 1.0209774221878885, 1.0176368975411347]}