{"micro": [0.5217242559014711, 0.5056448853917208, 0.5094081423195347, 0.5094081423195347], "macro": [0.4856537361470843, 0.46935573995145247, 0.479587662565206, 0.479587662565206], "weighted": [0.48753216276524286, 0.47055349574933675, 0.48107233645505904, 0.48107233645505904], "test_loss": [0.9230757528315476, 1.0219068808959482, 0.9808125865589725, 0.9813946180982016]}