{"micro": [0.48785494355114606, 0.4936708860759494, 0.49161820047896, 0.49161820047896], "macro": [0.4531007068172109, 0.4644947258103643, 0.47377994419921415, 0.47377994419921415], "weighted": [0.45599860645978696, 0.46659463935433365, 0.4762087495932879, 0.4762087495932879], "test_loss": [0.9897015850400664, 0.9844975267114535, 0.9574369270293439, 0.9570726257204358]}