{"micro": [0.5371193978788915, 0.5124871707150188, 0.5295928840232638, 0.5295928840232638], "macro": [0.5134591403780734, 0.47889450853772897, 0.5260800487816742, 0.5260800487816742], "weighted": [0.5151142176303327, 0.4799879753196312, 0.5281166423945736, 0.5281166423945736], "test_loss": [0.8613747019585365, 0.9747501937418036, 0.7762722693831543, 0.7739449456089833]}