{"micro": [0.7881873727087576, 0.785132382892057, 0.7820773930753564, 0.7820773930753564], "macro": [0.7680224537367395, 0.7672840530615499, 0.7542544909058927, 0.7542544909058927], "weighted": [0.7880724454480638, 0.7853437945444893, 0.7785115605875464, 0.7785115605875464], "val_loss": [0.3199317022677391, 0.3240690349691337, 0.3331538316222929, 0.3331538316222929], "train_disc": [0.7080651954874966, 0.7342238927799496, 0.7314771283519724], "train_gen": [0.5889951443411613, 0.6179961664754836, 0.6946132870319762], "train_class": [0.06038675014479238, 0.08797471920445643, 0.09184432645516644], "train_enc": [0.32469094687146566, 0.3529854433132651, 0.3932288072474016]}