{"micro": [0.784114052953157, 0.7810590631364562, 0.7729124236252546, 0.7729124236252546], "macro": [0.7608354218880535, 0.7600602369974853, 0.7514205455569382, 0.7514205455569382], "weighted": [0.7831975049640395, 0.7811182757550714, 0.7721853438578584, 0.7721853438578584], "val_loss": [0.3180625357574994, 0.3285731946028048, 0.32718972615416975, 0.32718972615416975], "train_disc": [0.6987500431759109, 0.6854731248376148, 0.6609287574642995], "train_gen": [0.6394126894044094, 0.7061488511132412, 0.760188316712614], "train_class": [0.1530535228835429, 0.1502201170991353, 0.14543999861824056], "train_enc": [0.34759719726817856, 0.3725916204231033, 0.39133933642522883]}