{"micro": [0.484775915155662, 0.4361956893602464, 0.4844338008894971, 0.4844338008894971], "macro": [0.4784410011783771, 0.4097352394575604, 0.4755603741773702, 0.4755603741773702], "weighted": [0.4790137028736848, 0.40931173496668216, 0.47624467808569093, 0.47624467808569093], "test_loss": [0.8833571859721929, 1.039240140569666, 0.8930536925466985, 0.8903228109651576]}