{"micro": [0.7881873727087576, 0.7759674134419552, 0.780040733197556, 0.780040733197556], "macro": [0.7680224537367395, 0.7595004912370182, 0.757652385905551, 0.757652385905551], "weighted": [0.7880724454480638, 0.7771680226770048, 0.778880038180258, 0.778880038180258], "val_loss": [0.3199317022677391, 0.3506631342273566, 0.358756453279526, 0.358756453279526], "train_disc": [0.6717419116223444, 0.7028870054932891, 0.7317996891469903], "train_gen": [0.6171053416742002, 0.6424158627543944, 0.7060097446207141], "train_class": [0.13892130891644888, 0.15454436297136578, 0.15589927248860316], "train_enc": [0.3780133255192491, 0.398480112598242, 0.4309545082798421]}