{"micro": [0.5217242559014711, 0.515224084844338, 0.5138556277796784, 0.5138556277796784], "macro": [0.4856537361470843, 0.48140331529350555, 0.49747954953511186, 0.49747954953511186], "weighted": [0.48753216276524286, 0.4833652069056418, 0.4993918929855589, 0.4993918929855589], "test_loss": [0.9244026559623865, 0.9265504337725092, 0.9223214283666975, 0.9218804122971707]}