{"micro": [0.7006500171057133, 0.7105713308244954, 0.7105713308244954, 0.7105713308244954], "macro": [0.693937311789688, 0.7035609045885222, 0.7057270288876621, 0.7057270288876621], "weighted": [0.6938860440442096, 0.7035034267491442, 0.7056694575165315, 0.7056694575165315], "val_loss": [0.5394048714816896, 0.5104406127105645, 0.5029343895492007, 0.5029343895492007], "train_disc": [0.6849185905821337, 0.7020551291971259, 0.686136968800279], "train_gen": [0.5981666790983065, 0.7105446194039017, 0.7367820583406042], "train_class": [0.05245354697820756, 0.056614411557144154, 0.06342550009346562], "train_enc": [0.2161674933518217, 0.25279348249969585, 0.2654324761831044]}