{"micro": [0.784114052953157, 0.7759674134419552, 0.7769857433808554, 0.7769857433808554], "macro": [0.7608354218880535, 0.7569177768295959, 0.752989118310203, 0.752989118310203], "weighted": [0.7831975049640395, 0.7766302427722136, 0.7750917629229447, 0.7750917629229447], "val_loss": [0.3180625357574994, 0.3349430148880328, 0.32490345799634535, 0.32490345799634535], "train_disc": [0.68239018695602, 0.6572389830657042, 0.6899662675753317], "train_gen": [0.6013732959663933, 0.6705074258189384, 0.6726897596661511], "train_class": [0.15335522229717077, 0.1513342870796313, 0.15840783979886217], "train_enc": [0.3325624591340133, 0.3590035513450539, 0.3641206187302949]}