{"micro": [0.444064317482039, 0.4823811152925077, 0.5032500855285665, 0.5032500855285665], "macro": [0.43557260497499733, 0.48175819285802257, 0.511230901243095, 0.511230901243095], "weighted": [0.43521276381930213, 0.4822295598331941, 0.5120824252053915, 0.5120824252053915], "test_loss": [0.8636162875454283, 0.842806763499161, 0.8240072740231706, 0.8262493074591694]}