{"micro": [0.7006500171057133, 0.7136503592199795, 0.7109134450906602, 0.7109134450906602], "macro": [0.693937311789688, 0.7069515025072851, 0.7091296380826265, 0.7091296380826265], "weighted": [0.6938860440442096, 0.7068908041850481, 0.7090791186236994, 0.7090791186236994], "val_loss": [0.5394048714816896, 0.526558088698511, 0.5131268358784296, 0.5131268358784296], "train_disc": [0.7191403462587158, 0.7397728282245782, 0.7281478011542982], "train_gen": [0.42730045579170267, 0.6116168797016144, 0.6992700679706094], "train_class": [0.061264278868447396, 0.08120561467453105, 0.08682258757940732], "train_enc": [0.24428236761379762, 0.34641124772243814, 0.39304632697600483]}