{"micro": [0.5217242559014711, 0.52514539856312, 0.5145398563120082, 0.5145398563120082], "macro": [0.4856537361470843, 0.48513167726976697, 0.49458133451098135, 0.49458133451098135], "weighted": [0.48753216276524286, 0.48673510751755095, 0.4963681862170721, 0.4963681862170721], "test_loss": [0.9222671341537778, 0.9380647307210933, 0.9294659601208942, 0.9283003582329047]}