{"micro": [0.484775915155662, 0.4023263770099213, 0.4834074580910024, 0.4834074580910024], "macro": [0.4784410011783771, 0.35365386879224553, 0.47632086387712586, 0.47632086387712586], "weighted": [0.4790137028736848, 0.3524516537729933, 0.47689385067523427, 0.47689385067523427], "test_loss": [0.8824562561479422, 1.237372174940474, 0.8478886361330584, 0.8482535079203016]}