{"micro": [0.7881873727087576, 0.784114052953157, 0.785132382892057, 0.785132382892057], "macro": [0.7680224537367395, 0.7670094895681823, 0.764640386124761, 0.764640386124761], "weighted": [0.7880724454480638, 0.7850246667707943, 0.7848202391720085, 0.7848202391720085], "val_loss": [0.3199317022677391, 0.3445711009084217, 0.34867409118000536, 0.34867409118000536], "train_disc": [0.6753217506278408, 0.6647053240426902, 0.6580273798906087], "train_gen": [0.6553385361947649, 0.7461089556985866, 0.7801616042038131], "train_class": [0.12634291628100833, 0.12109716495122415, 0.1254827993122932], "train_enc": [0.23214204560537807, 0.24609952790489614, 0.2564185659090678]}