{"micro": [0.484775915155662, 0.49264454327745466, 0.5046185425932261, 0.5046185425932261], "macro": [0.4784410011783771, 0.4837483922711711, 0.5031537961329433, 0.5031537961329433], "weighted": [0.4790137028736848, 0.4845095788790661, 0.5041539195553401, 0.5041539195553401], "test_loss": [0.8833304105397782, 0.8652081201311017, 0.8256043212009909, 0.8235225643290848]}