{"micro": [0.7191241874786177, 0.7249401300034211, 0.7273349298665754, 0.7273349298665754], "macro": [0.7155659680326713, 0.7204392885159637, 0.7227254664299312, 0.7227254664299312], "weighted": [0.7155304445332323, 0.7203956148418619, 0.7226795258747719, 0.7226795258747719], "val_loss": [0.5088536884289622, 0.4966786958460436, 0.49224627270398896, 0.49224627270398896], "train_disc": [0.6889468363074006, 0.6824840789284211, 0.6521424289609565], "train_gen": [0.6302009189063734, 0.7224158967127565, 0.7631541125761355], "train_class": [0.14791174251280848, 0.14134775458382126, 0.13415325903257386], "train_enc": [0.2443695815045977, 0.25756138783009325, 0.2599534349200504]}