{"micro": [0.5371193978788915, 0.5237769414984604, 0.5357509408142319, 0.5357509408142319], "macro": [0.5134591403780734, 0.49922278649010804, 0.5183049460125113, 0.5183049460125113], "weighted": [0.5151142176303327, 0.5006396411502431, 0.5198906164767761, 0.5198906164767761], "test_loss": [0.8577818893344025, 0.9693905903341992, 0.9091330997116579, 0.9078875602594491]}