{"micro": [0.7881873727087576, 0.7922606924643585, 0.7830957230142567, 0.7830957230142567], "macro": [0.7680224537367395, 0.7744769503805738, 0.7535900296986197, 0.7535900296986197], "weighted": [0.7880724454480638, 0.7922753371505309, 0.7795270456769023, 0.7795270456769023], "val_loss": [0.3199317022677391, 0.34736553777850443, 0.35122193948876473, 0.35122193948876473], "train_disc": [0.7031027234968592, 0.6824191245224958, 0.7045130687333195], "train_gen": [0.6403581500053406, 0.6835888581849187, 0.717603931661512], "train_class": [0.13890817016363144, 0.1517361799265192, 0.1792963023801319], "train_enc": [0.38963316030841055, 0.41766251876054566, 0.4484501173261736]}