{"micro": [0.784114052953157, 0.7759674134419552, 0.7708757637474541, 0.7708757637474541], "macro": [0.7608354218880535, 0.7542795801070751, 0.7462398044125348, 0.7462398044125348], "weighted": [0.7831975049640395, 0.7757797447618018, 0.7693331320862146, 0.7693331320862146], "val_loss": [0.3180625357574994, 0.32305629947973835, 0.30716694338667777, 0.30716694338667777], "train_disc": [0.6766701738039652, 0.6797951425685257, 0.7052903325179887], "train_gen": [0.5763935493966921, 0.5735771698378475, 0.7778174561229559], "train_class": [0.06911634774929513, 0.08733623080932704, 0.08678139666797685], "train_enc": [0.32275494933128357, 0.33045669885281004, 0.43229942585601183]}