{"micro": [0.7006500171057133, 0.7102292165583306, 0.7071501881628464, 0.7071501881628464], "macro": [0.693937311789688, 0.7023219444546202, 0.7007197155568713, 0.7007197155568713], "weighted": [0.6938860440442096, 0.7022607309300914, 0.7006635125215696, 0.7006635125215696], "val_loss": [0.5394048714816896, 0.5097446245716406, 0.5190002290440388, 0.5190002290440388], "train_disc": [0.6919437314643234, 0.6718376070423856, 0.660648207521178], "train_gen": [0.7173179189364115, 0.7329708790518547, 0.7454209523122819], "train_class": [0.0904277554748814, 0.09428996291479778, 0.0872454757451034], "train_enc": [0.2158057931505266, 0.2220261507346982, 0.21888057561845728]}