{"micro": [0.48785494355114606, 0.4854601436879918, 0.4854601436879918, 0.4854601436879918], "macro": [0.4531007068172109, 0.44490754688095363, 0.4772839254554855, 0.4772839254554855], "weighted": [0.45599860645978696, 0.4477576405093917, 0.48029610126384903, 0.48029610126384903], "test_loss": [0.9880592349122782, 1.1308442865564523, 1.0251960931905633, 1.0225528257140697]}