{"micro": [0.444064317482039, 0.47314403010605544, 0.5111187136503592, 0.5111187136503592], "macro": [0.43557260497499733, 0.4555364547876559, 0.5157994576910937, 0.5157994576910937], "weighted": [0.43521276381930213, 0.4558705181269972, 0.5168682539696817, 0.5168682539696817], "test_loss": [0.8639643363288192, 0.8734171905152784, 0.7842543338491617, 0.7864668927883189]}