{"micro": [0.7881873727087576, 0.7739307535641547, 0.784114052953157, 0.784114052953157], "macro": [0.7680224537367395, 0.7601802315743361, 0.7599769803612689, 0.7599769803612689], "weighted": [0.7880724454480638, 0.775195598546115, 0.7826556488032936, 0.7826556488032936], "val_loss": [0.3199317022677391, 0.33826298062359134, 0.3409724377336041, 0.3409724377336041], "train_disc": [0.7011277652829071, 0.7202357757286947, 0.7077694759994256], "train_gen": [0.5011402928764052, 0.6776443293185833, 0.748990082675642], "train_class": [0.057697622202173934, 0.06803064987755539, 0.06638603741455762], "train_enc": [0.23507469517937124, 0.31187612795438924, 0.33942766218888953]}