{"micro": [0.5217242559014711, 0.5141977420458433, 0.5165925419089976, 0.5165925419089976], "macro": [0.4856537361470843, 0.4799109886709725, 0.49794579978646514, 0.49794579978646514], "weighted": [0.48753216276524286, 0.4818377136990073, 0.49988948241762254, 0.49988948241762254], "test_loss": [0.9207921147020788, 0.895910525419673, 0.8785314544465372, 0.8812813512940224]}